person_id,person,mood_parent,mood_child,mood_code,utterance_1,utterance_2,utterance_3
1,영화관에서 영화를 보고 나온 여자,기쁨,반가움,기쁨_반가움,,,
1,영화관에서 영화를 보고 나온 여자,기쁨,즐거움,기쁨_즐거움,,,
1,영화관에서 영화를 보고 나온 여자,기쁨,신명남,기쁨_신명남,,,
1,영화관에서 영화를 보고 나온 여자,기쁨,자신감,기쁨_자신감,,,
1,영화관에서 영화를 보고 나온 여자,기쁨,감동,기쁨_감동,,,
1,영화관에서 영화를 보고 나온 여자,기쁨,만족감,기쁨_만족감,,,
1,영화관에서 영화를 보고 나온 여자,기쁨,편안함,기쁨_편안함,,,
1,영화관에서 영화를 보고 나온 여자,기쁨,고마움,기쁨_고마움,,,
1,영화관에서 영화를 보고 나온 여자,기쁨,신뢰감,기쁨_신뢰감,,,
1,영화관에서 영화를 보고 나온 여자,기쁨,안정감,기쁨_안정감,,,
1,영화관에서 영화를 보고 나온 여자,기쁨,공감,기쁨_공감,,,
1,영화관에서 영화를 보고 나온 여자,기쁨,자랑스러움,기쁨_자랑스러움,,,
1,영화관에서 영화를 보고 나온 여자,사랑,호감,사랑_호감,,,
1,영화관에서 영화를 보고 나온 여자,사랑,귀중함,사랑_귀중함,,,
1,영화관에서 영화를 보고 나온 여자,사랑,매력적,사랑_매력적,,,
1,영화관에서 영화를 보고 나온 여자,사랑,두근거림,사랑_두근거림,,,
1,영화관에서 영화를 보고 나온 여자,사랑,아른거림,사랑_아른거림,,,
1,영화관에서 영화를 보고 나온 여자,사랑,너그러움,사랑_너그러움,,,
1,영화관에서 영화를 보고 나온 여자,사랑,열정적임,사랑_열정적임,,,
1,영화관에서 영화를 보고 나온 여자,사랑,다정함,사랑_다정함,,,
1,영화관에서 영화를 보고 나온 여자,사랑,동정(슬픔),사랑_동정(슬픔),,,
1,영화관에서 영화를 보고 나온 여자,슬픔,억울함,슬픔_억울함,,,
1,영화관에서 영화를 보고 나온 여자,슬픔,외로움,슬픔_외로움,,,
1,영화관에서 영화를 보고 나온 여자,슬픔,후회,슬픔_후회,,,
1,영화관에서 영화를 보고 나온 여자,슬픔,실망,슬픔_실망,,,
1,영화관에서 영화를 보고 나온 여자,슬픔,허망,슬픔_허망,,,
1,영화관에서 영화를 보고 나온 여자,슬픔,그리움,슬픔_그리움,,,
1,영화관에서 영화를 보고 나온 여자,슬픔,수치심,슬픔_수치심,,,
1,영화관에서 영화를 보고 나온 여자,슬픔,고통,슬픔_고통,,,
1,영화관에서 영화를 보고 나온 여자,슬픔,절망,슬픔_절망,,,
1,영화관에서 영화를 보고 나온 여자,슬픔,무기력,슬픔_무기력,,,
1,영화관에서 영화를 보고 나온 여자,슬픔,아픔,슬픔_아픔,,,
1,영화관에서 영화를 보고 나온 여자,두려움,위축감,두려움_위축감,,,
1,영화관에서 영화를 보고 나온 여자,두려움,놀람,두려움_놀람,,,
1,영화관에서 영화를 보고 나온 여자,두려움,공포,두려움_공포,,,
1,영화관에서 영화를 보고 나온 여자,두려움,걱정,두려움_걱정,,,
1,영화관에서 영화를 보고 나온 여자,두려움,초조함,두려움_초조함,,,
1,영화관에서 영화를 보고 나온 여자,분노,원망,분노_원망,,,
1,영화관에서 영화를 보고 나온 여자,분노,불쾌,분노_불쾌,,,
1,영화관에서 영화를 보고 나온 여자,분노,날카로움,분노_날카로움,,,
1,영화관에서 영화를 보고 나온 여자,분노,타오름,분노_타오름,,,
1,영화관에서 영화를 보고 나온 여자,미움(상대방),반감,미움(상대방)_반감,,,
1,영화관에서 영화를 보고 나온 여자,미움(상대방),경멸,미움(상대방)_경멸,,,
1,영화관에서 영화를 보고 나온 여자,미움(상대방),비위상함,미움(상대방)_비위상함,,,
1,영화관에서 영화를 보고 나온 여자,미움(상대방),치사함,미움(상대방)_치사함,,,
1,영화관에서 영화를 보고 나온 여자,미움(상대방),불신감,미움(상대방)_불신감,,,
1,영화관에서 영화를 보고 나온 여자,미움(상대방),시기심,미움(상대방)_시기심,,,
1,영화관에서 영화를 보고 나온 여자,미움(상대방),외면,미움(상대방)_외면,,,
1,영화관에서 영화를 보고 나온 여자,미움(상대방),냉담,미움(상대방)_냉담,,,
1,영화관에서 영화를 보고 나온 여자,욕망,욕심,욕망_욕심,,,
1,영화관에서 영화를 보고 나온 여자,욕망,궁금함,욕망_궁금함,,,
1,영화관에서 영화를 보고 나온 여자,욕망,아쉬움,욕망_아쉬움,,,
1,영화관에서 영화를 보고 나온 여자,욕망,불만,욕망_불만,,,
1,영화관에서 영화를 보고 나온 여자,욕망,갈등,욕망_갈등,,,
1,영화관에서 영화를 보고 나온 여자,욕망,기대감,욕망_기대감,,,
1,영화관에서 영화를 보고 나온 여자,싫어함(상태),답답함,싫어함(상태)_답답함,,,
1,영화관에서 영화를 보고 나온 여자,싫어함(상태),불편함,싫어함(상태)_불편함,,,
1,영화관에서 영화를 보고 나온 여자,싫어함(상태),난처함,싫어함(상태)_난처함,,,
1,영화관에서 영화를 보고 나온 여자,싫어함(상태),서먹함,싫어함(상태)_서먹함,,,
1,영화관에서 영화를 보고 나온 여자,싫어함(상태),심심함,싫어함(상태)_심심함,,,
1,영화관에서 영화를 보고 나온 여자,싫어함(상태),싫증,싫어함(상태)_싫증,,,
1,영화관에서 영화를 보고 나온 여자,수치심,부끄러움,수치심_부끄러움,,,
1,영화관에서 영화를 보고 나온 여자,수치심,죄책감,수치심_죄책감,,,
1,영화관에서 영화를 보고 나온 여자,수치심,미안함,수치심_미안함,,,
2,길에서 아는 사람을 만난 남자,기쁨,반가움,기쁨_반가움,,,
2,길에서 아는 사람을 만난 남자,기쁨,즐거움,기쁨_즐거움,,,
2,길에서 아는 사람을 만난 남자,기쁨,신명남,기쁨_신명남,,,
2,길에서 아는 사람을 만난 남자,기쁨,자신감,기쁨_자신감,,,
2,길에서 아는 사람을 만난 남자,기쁨,감동,기쁨_감동,,,
2,길에서 아는 사람을 만난 남자,기쁨,만족감,기쁨_만족감,,,
2,길에서 아는 사람을 만난 남자,기쁨,편안함,기쁨_편안함,,,
2,길에서 아는 사람을 만난 남자,기쁨,고마움,기쁨_고마움,,,
2,길에서 아는 사람을 만난 남자,기쁨,신뢰감,기쁨_신뢰감,,,
2,길에서 아는 사람을 만난 남자,기쁨,안정감,기쁨_안정감,,,
2,길에서 아는 사람을 만난 남자,기쁨,공감,기쁨_공감,,,
2,길에서 아는 사람을 만난 남자,기쁨,자랑스러움,기쁨_자랑스러움,,,
2,길에서 아는 사람을 만난 남자,사랑,호감,사랑_호감,,,
2,길에서 아는 사람을 만난 남자,사랑,귀중함,사랑_귀중함,,,
2,길에서 아는 사람을 만난 남자,사랑,매력적,사랑_매력적,,,
2,길에서 아는 사람을 만난 남자,사랑,두근거림,사랑_두근거림,,,
2,길에서 아는 사람을 만난 남자,사랑,아른거림,사랑_아른거림,,,
2,길에서 아는 사람을 만난 남자,사랑,너그러움,사랑_너그러움,,,
2,길에서 아는 사람을 만난 남자,사랑,열정적임,사랑_열정적임,,,
2,길에서 아는 사람을 만난 남자,사랑,다정함,사랑_다정함,,,
2,길에서 아는 사람을 만난 남자,사랑,동정(슬픔),사랑_동정(슬픔),,,
2,길에서 아는 사람을 만난 남자,슬픔,억울함,슬픔_억울함,,,
2,길에서 아는 사람을 만난 남자,슬픔,외로움,슬픔_외로움,,,
2,길에서 아는 사람을 만난 남자,슬픔,후회,슬픔_후회,,,
2,길에서 아는 사람을 만난 남자,슬픔,실망,슬픔_실망,,,
2,길에서 아는 사람을 만난 남자,슬픔,허망,슬픔_허망,,,
2,길에서 아는 사람을 만난 남자,슬픔,그리움,슬픔_그리움,,,
2,길에서 아는 사람을 만난 남자,슬픔,수치심,슬픔_수치심,,,
2,길에서 아는 사람을 만난 남자,슬픔,고통,슬픔_고통,,,
2,길에서 아는 사람을 만난 남자,슬픔,절망,슬픔_절망,,,
2,길에서 아는 사람을 만난 남자,슬픔,무기력,슬픔_무기력,,,
2,길에서 아는 사람을 만난 남자,슬픔,아픔,슬픔_아픔,,,
2,길에서 아는 사람을 만난 남자,두려움,위축감,두려움_위축감,,,
2,길에서 아는 사람을 만난 남자,두려움,놀람,두려움_놀람,,,
2,길에서 아는 사람을 만난 남자,두려움,공포,두려움_공포,,,
2,길에서 아는 사람을 만난 남자,두려움,걱정,두려움_걱정,,,
2,길에서 아는 사람을 만난 남자,두려움,초조함,두려움_초조함,,,
2,길에서 아는 사람을 만난 남자,분노,원망,분노_원망,,,
2,길에서 아는 사람을 만난 남자,분노,불쾌,분노_불쾌,,,
2,길에서 아는 사람을 만난 남자,분노,날카로움,분노_날카로움,,,
2,길에서 아는 사람을 만난 남자,분노,타오름,분노_타오름,,,
2,길에서 아는 사람을 만난 남자,미움(상대방),반감,미움(상대방)_반감,,,
2,길에서 아는 사람을 만난 남자,미움(상대방),경멸,미움(상대방)_경멸,,,
2,길에서 아는 사람을 만난 남자,미움(상대방),비위상함,미움(상대방)_비위상함,,,
2,길에서 아는 사람을 만난 남자,미움(상대방),치사함,미움(상대방)_치사함,,,
2,길에서 아는 사람을 만난 남자,미움(상대방),불신감,미움(상대방)_불신감,,,
2,길에서 아는 사람을 만난 남자,미움(상대방),시기심,미움(상대방)_시기심,,,
2,길에서 아는 사람을 만난 남자,미움(상대방),외면,미움(상대방)_외면,,,
2,길에서 아는 사람을 만난 남자,미움(상대방),냉담,미움(상대방)_냉담,,,
2,길에서 아는 사람을 만난 남자,욕망,욕심,욕망_욕심,,,
2,길에서 아는 사람을 만난 남자,욕망,궁금함,욕망_궁금함,,,
2,길에서 아는 사람을 만난 남자,욕망,아쉬움,욕망_아쉬움,,,
2,길에서 아는 사람을 만난 남자,욕망,불만,욕망_불만,,,
2,길에서 아는 사람을 만난 남자,욕망,갈등,욕망_갈등,,,
2,길에서 아는 사람을 만난 남자,욕망,기대감,욕망_기대감,,,
2,길에서 아는 사람을 만난 남자,싫어함(상태),답답함,싫어함(상태)_답답함,,,
2,길에서 아는 사람을 만난 남자,싫어함(상태),불편함,싫어함(상태)_불편함,,,
2,길에서 아는 사람을 만난 남자,싫어함(상태),난처함,싫어함(상태)_난처함,,,
2,길에서 아는 사람을 만난 남자,싫어함(상태),서먹함,싫어함(상태)_서먹함,,,
2,길에서 아는 사람을 만난 남자,싫어함(상태),심심함,싫어함(상태)_심심함,,,
2,길에서 아는 사람을 만난 남자,싫어함(상태),싫증,싫어함(상태)_싫증,,,
2,길에서 아는 사람을 만난 남자,수치심,부끄러움,수치심_부끄러움,,,
2,길에서 아는 사람을 만난 남자,수치심,죄책감,수치심_죄책감,,,
2,길에서 아는 사람을 만난 남자,수치심,미안함,수치심_미안함,,,
3,꽃을 사서 집에 가는 남자,기쁨,반가움,기쁨_반가움,,,
3,꽃을 사서 집에 가는 남자,기쁨,즐거움,기쁨_즐거움,,,
3,꽃을 사서 집에 가는 남자,기쁨,신명남,기쁨_신명남,,,
3,꽃을 사서 집에 가는 남자,기쁨,자신감,기쁨_자신감,,,
3,꽃을 사서 집에 가는 남자,기쁨,감동,기쁨_감동,,,
3,꽃을 사서 집에 가는 남자,기쁨,만족감,기쁨_만족감,,,
3,꽃을 사서 집에 가는 남자,기쁨,편안함,기쁨_편안함,,,
3,꽃을 사서 집에 가는 남자,기쁨,고마움,기쁨_고마움,,,
3,꽃을 사서 집에 가는 남자,기쁨,신뢰감,기쁨_신뢰감,,,
3,꽃을 사서 집에 가는 남자,기쁨,안정감,기쁨_안정감,,,
3,꽃을 사서 집에 가는 남자,기쁨,공감,기쁨_공감,,,
3,꽃을 사서 집에 가는 남자,기쁨,자랑스러움,기쁨_자랑스러움,,,
3,꽃을 사서 집에 가는 남자,사랑,호감,사랑_호감,,,
3,꽃을 사서 집에 가는 남자,사랑,귀중함,사랑_귀중함,,,
3,꽃을 사서 집에 가는 남자,사랑,매력적,사랑_매력적,,,
3,꽃을 사서 집에 가는 남자,사랑,두근거림,사랑_두근거림,,,
3,꽃을 사서 집에 가는 남자,사랑,아른거림,사랑_아른거림,,,
3,꽃을 사서 집에 가는 남자,사랑,너그러움,사랑_너그러움,,,
3,꽃을 사서 집에 가는 남자,사랑,열정적임,사랑_열정적임,,,
3,꽃을 사서 집에 가는 남자,사랑,다정함,사랑_다정함,,,
3,꽃을 사서 집에 가는 남자,사랑,동정(슬픔),사랑_동정(슬픔),,,
3,꽃을 사서 집에 가는 남자,슬픔,억울함,슬픔_억울함,,,
3,꽃을 사서 집에 가는 남자,슬픔,외로움,슬픔_외로움,,,
3,꽃을 사서 집에 가는 남자,슬픔,후회,슬픔_후회,,,
3,꽃을 사서 집에 가는 남자,슬픔,실망,슬픔_실망,,,
3,꽃을 사서 집에 가는 남자,슬픔,허망,슬픔_허망,,,
3,꽃을 사서 집에 가는 남자,슬픔,그리움,슬픔_그리움,,,
3,꽃을 사서 집에 가는 남자,슬픔,수치심,슬픔_수치심,,,
3,꽃을 사서 집에 가는 남자,슬픔,고통,슬픔_고통,,,
3,꽃을 사서 집에 가는 남자,슬픔,절망,슬픔_절망,,,
3,꽃을 사서 집에 가는 남자,슬픔,무기력,슬픔_무기력,,,
3,꽃을 사서 집에 가는 남자,슬픔,아픔,슬픔_아픔,,,
3,꽃을 사서 집에 가는 남자,두려움,위축감,두려움_위축감,,,
3,꽃을 사서 집에 가는 남자,두려움,놀람,두려움_놀람,,,
3,꽃을 사서 집에 가는 남자,두려움,공포,두려움_공포,,,
3,꽃을 사서 집에 가는 남자,두려움,걱정,두려움_걱정,,,
3,꽃을 사서 집에 가는 남자,두려움,초조함,두려움_초조함,,,
3,꽃을 사서 집에 가는 남자,분노,원망,분노_원망,,,
3,꽃을 사서 집에 가는 남자,분노,불쾌,분노_불쾌,,,
3,꽃을 사서 집에 가는 남자,분노,날카로움,분노_날카로움,,,
3,꽃을 사서 집에 가는 남자,분노,타오름,분노_타오름,,,
3,꽃을 사서 집에 가는 남자,미움(상대방),반감,미움(상대방)_반감,,,
3,꽃을 사서 집에 가는 남자,미움(상대방),경멸,미움(상대방)_경멸,,,
3,꽃을 사서 집에 가는 남자,미움(상대방),비위상함,미움(상대방)_비위상함,,,
3,꽃을 사서 집에 가는 남자,미움(상대방),치사함,미움(상대방)_치사함,,,
3,꽃을 사서 집에 가는 남자,미움(상대방),불신감,미움(상대방)_불신감,,,
3,꽃을 사서 집에 가는 남자,미움(상대방),시기심,미움(상대방)_시기심,,,
3,꽃을 사서 집에 가는 남자,미움(상대방),외면,미움(상대방)_외면,,,
3,꽃을 사서 집에 가는 남자,미움(상대방),냉담,미움(상대방)_냉담,,,
3,꽃을 사서 집에 가는 남자,욕망,욕심,욕망_욕심,,,
3,꽃을 사서 집에 가는 남자,욕망,궁금함,욕망_궁금함,,,
3,꽃을 사서 집에 가는 남자,욕망,아쉬움,욕망_아쉬움,,,
3,꽃을 사서 집에 가는 남자,욕망,불만,욕망_불만,,,
3,꽃을 사서 집에 가는 남자,욕망,갈등,욕망_갈등,,,
3,꽃을 사서 집에 가는 남자,욕망,기대감,욕망_기대감,,,
3,꽃을 사서 집에 가는 남자,싫어함(상태),답답함,싫어함(상태)_답답함,,,
3,꽃을 사서 집에 가는 남자,싫어함(상태),불편함,싫어함(상태)_불편함,,,
3,꽃을 사서 집에 가는 남자,싫어함(상태),난처함,싫어함(상태)_난처함,,,
3,꽃을 사서 집에 가는 남자,싫어함(상태),서먹함,싫어함(상태)_서먹함,,,
3,꽃을 사서 집에 가는 남자,싫어함(상태),심심함,싫어함(상태)_심심함,,,
3,꽃을 사서 집에 가는 남자,싫어함(상태),싫증,싫어함(상태)_싫증,,,
3,꽃을 사서 집에 가는 남자,수치심,부끄러움,수치심_부끄러움,,,
3,꽃을 사서 집에 가는 남자,수치심,죄책감,수치심_죄책감,,,
3,꽃을 사서 집에 가는 남자,수치심,미안함,수치심_미안함,,,
4,장례식에 간 여자,기쁨,반가움,기쁨_반가움,,,
4,장례식에 간 여자,기쁨,즐거움,기쁨_즐거움,,,
4,장례식에 간 여자,기쁨,신명남,기쁨_신명남,,,
4,장례식에 간 여자,기쁨,자신감,기쁨_자신감,,,
4,장례식에 간 여자,기쁨,감동,기쁨_감동,,,
4,장례식에 간 여자,기쁨,만족감,기쁨_만족감,,,
4,장례식에 간 여자,기쁨,편안함,기쁨_편안함,,,
4,장례식에 간 여자,기쁨,고마움,기쁨_고마움,,,
4,장례식에 간 여자,기쁨,신뢰감,기쁨_신뢰감,,,
4,장례식에 간 여자,기쁨,안정감,기쁨_안정감,,,
4,장례식에 간 여자,기쁨,공감,기쁨_공감,,,
4,장례식에 간 여자,기쁨,자랑스러움,기쁨_자랑스러움,,,
4,장례식에 간 여자,사랑,호감,사랑_호감,,,
4,장례식에 간 여자,사랑,귀중함,사랑_귀중함,,,
4,장례식에 간 여자,사랑,매력적,사랑_매력적,,,
4,장례식에 간 여자,사랑,두근거림,사랑_두근거림,,,
4,장례식에 간 여자,사랑,아른거림,사랑_아른거림,,,
4,장례식에 간 여자,사랑,너그러움,사랑_너그러움,,,
4,장례식에 간 여자,사랑,열정적임,사랑_열정적임,,,
4,장례식에 간 여자,사랑,다정함,사랑_다정함,,,
4,장례식에 간 여자,사랑,동정(슬픔),사랑_동정(슬픔),,,
4,장례식에 간 여자,슬픔,억울함,슬픔_억울함,,,
4,장례식에 간 여자,슬픔,외로움,슬픔_외로움,,,
4,장례식에 간 여자,슬픔,후회,슬픔_후회,,,
4,장례식에 간 여자,슬픔,실망,슬픔_실망,,,
4,장례식에 간 여자,슬픔,허망,슬픔_허망,,,
4,장례식에 간 여자,슬픔,그리움,슬픔_그리움,,,
4,장례식에 간 여자,슬픔,수치심,슬픔_수치심,,,
4,장례식에 간 여자,슬픔,고통,슬픔_고통,,,
4,장례식에 간 여자,슬픔,절망,슬픔_절망,,,
4,장례식에 간 여자,슬픔,무기력,슬픔_무기력,,,
4,장례식에 간 여자,슬픔,아픔,슬픔_아픔,,,
4,장례식에 간 여자,두려움,위축감,두려움_위축감,,,
4,장례식에 간 여자,두려움,놀람,두려움_놀람,,,
4,장례식에 간 여자,두려움,공포,두려움_공포,,,
4,장례식에 간 여자,두려움,걱정,두려움_걱정,,,
4,장례식에 간 여자,두려움,초조함,두려움_초조함,,,
4,장례식에 간 여자,분노,원망,분노_원망,,,
4,장례식에 간 여자,분노,불쾌,분노_불쾌,,,
4,장례식에 간 여자,분노,날카로움,분노_날카로움,,,
4,장례식에 간 여자,분노,타오름,분노_타오름,,,
4,장례식에 간 여자,미움(상대방),반감,미움(상대방)_반감,,,
4,장례식에 간 여자,미움(상대방),경멸,미움(상대방)_경멸,,,
4,장례식에 간 여자,미움(상대방),비위상함,미움(상대방)_비위상함,,,
4,장례식에 간 여자,미움(상대방),치사함,미움(상대방)_치사함,,,
4,장례식에 간 여자,미움(상대방),불신감,미움(상대방)_불신감,,,
4,장례식에 간 여자,미움(상대방),시기심,미움(상대방)_시기심,,,
4,장례식에 간 여자,미움(상대방),외면,미움(상대방)_외면,,,
4,장례식에 간 여자,미움(상대방),냉담,미움(상대방)_냉담,,,
4,장례식에 간 여자,욕망,욕심,욕망_욕심,,,
4,장례식에 간 여자,욕망,궁금함,욕망_궁금함,,,
4,장례식에 간 여자,욕망,아쉬움,욕망_아쉬움,,,
4,장례식에 간 여자,욕망,불만,욕망_불만,,,
4,장례식에 간 여자,욕망,갈등,욕망_갈등,,,
4,장례식에 간 여자,욕망,기대감,욕망_기대감,,,
4,장례식에 간 여자,싫어함(상태),답답함,싫어함(상태)_답답함,,,
4,장례식에 간 여자,싫어함(상태),불편함,싫어함(상태)_불편함,,,
4,장례식에 간 여자,싫어함(상태),난처함,싫어함(상태)_난처함,,,
4,장례식에 간 여자,싫어함(상태),서먹함,싫어함(상태)_서먹함,,,
4,장례식에 간 여자,싫어함(상태),심심함,싫어함(상태)_심심함,,,
4,장례식에 간 여자,싫어함(상태),싫증,싫어함(상태)_싫증,,,
4,장례식에 간 여자,수치심,부끄러움,수치심_부끄러움,,,
4,장례식에 간 여자,수치심,죄책감,수치심_죄책감,,,
4,장례식에 간 여자,수치심,미안함,수치심_미안함,,,
5,도서관에서 책을 읽는 남자,기쁨,반가움,기쁨_반가움,,,
5,도서관에서 책을 읽는 남자,기쁨,즐거움,기쁨_즐거움,,,
5,도서관에서 책을 읽는 남자,기쁨,신명남,기쁨_신명남,,,
5,도서관에서 책을 읽는 남자,기쁨,자신감,기쁨_자신감,,,
5,도서관에서 책을 읽는 남자,기쁨,감동,기쁨_감동,,,
5,도서관에서 책을 읽는 남자,기쁨,만족감,기쁨_만족감,,,
5,도서관에서 책을 읽는 남자,기쁨,편안함,기쁨_편안함,,,
5,도서관에서 책을 읽는 남자,기쁨,고마움,기쁨_고마움,,,
5,도서관에서 책을 읽는 남자,기쁨,신뢰감,기쁨_신뢰감,,,
5,도서관에서 책을 읽는 남자,기쁨,안정감,기쁨_안정감,,,
5,도서관에서 책을 읽는 남자,기쁨,공감,기쁨_공감,,,
5,도서관에서 책을 읽는 남자,기쁨,자랑스러움,기쁨_자랑스러움,,,
5,도서관에서 책을 읽는 남자,사랑,호감,사랑_호감,,,
5,도서관에서 책을 읽는 남자,사랑,귀중함,사랑_귀중함,,,
5,도서관에서 책을 읽는 남자,사랑,매력적,사랑_매력적,,,
5,도서관에서 책을 읽는 남자,사랑,두근거림,사랑_두근거림,,,
5,도서관에서 책을 읽는 남자,사랑,아른거림,사랑_아른거림,,,
5,도서관에서 책을 읽는 남자,사랑,너그러움,사랑_너그러움,,,
5,도서관에서 책을 읽는 남자,사랑,열정적임,사랑_열정적임,,,
5,도서관에서 책을 읽는 남자,사랑,다정함,사랑_다정함,,,
5,도서관에서 책을 읽는 남자,사랑,동정(슬픔),사랑_동정(슬픔),,,
5,도서관에서 책을 읽는 남자,슬픔,억울함,슬픔_억울함,,,
5,도서관에서 책을 읽는 남자,슬픔,외로움,슬픔_외로움,,,
5,도서관에서 책을 읽는 남자,슬픔,후회,슬픔_후회,,,
5,도서관에서 책을 읽는 남자,슬픔,실망,슬픔_실망,,,
5,도서관에서 책을 읽는 남자,슬픔,허망,슬픔_허망,,,
5,도서관에서 책을 읽는 남자,슬픔,그리움,슬픔_그리움,,,
5,도서관에서 책을 읽는 남자,슬픔,수치심,슬픔_수치심,,,
5,도서관에서 책을 읽는 남자,슬픔,고통,슬픔_고통,,,
5,도서관에서 책을 읽는 남자,슬픔,절망,슬픔_절망,,,
5,도서관에서 책을 읽는 남자,슬픔,무기력,슬픔_무기력,,,
5,도서관에서 책을 읽는 남자,슬픔,아픔,슬픔_아픔,,,
5,도서관에서 책을 읽는 남자,두려움,위축감,두려움_위축감,,,
5,도서관에서 책을 읽는 남자,두려움,놀람,두려움_놀람,,,
5,도서관에서 책을 읽는 남자,두려움,공포,두려움_공포,,,
5,도서관에서 책을 읽는 남자,두려움,걱정,두려움_걱정,,,
5,도서관에서 책을 읽는 남자,두려움,초조함,두려움_초조함,,,
5,도서관에서 책을 읽는 남자,분노,원망,분노_원망,,,
5,도서관에서 책을 읽는 남자,분노,불쾌,분노_불쾌,,,
5,도서관에서 책을 읽는 남자,분노,날카로움,분노_날카로움,,,
5,도서관에서 책을 읽는 남자,분노,타오름,분노_타오름,,,
5,도서관에서 책을 읽는 남자,미움(상대방),반감,미움(상대방)_반감,,,
5,도서관에서 책을 읽는 남자,미움(상대방),경멸,미움(상대방)_경멸,,,
5,도서관에서 책을 읽는 남자,미움(상대방),비위상함,미움(상대방)_비위상함,,,
5,도서관에서 책을 읽는 남자,미움(상대방),치사함,미움(상대방)_치사함,,,
5,도서관에서 책을 읽는 남자,미움(상대방),불신감,미움(상대방)_불신감,,,
5,도서관에서 책을 읽는 남자,미움(상대방),시기심,미움(상대방)_시기심,,,
5,도서관에서 책을 읽는 남자,미움(상대방),외면,미움(상대방)_외면,,,
5,도서관에서 책을 읽는 남자,미움(상대방),냉담,미움(상대방)_냉담,,,
5,도서관에서 책을 읽는 남자,욕망,욕심,욕망_욕심,,,
5,도서관에서 책을 읽는 남자,욕망,궁금함,욕망_궁금함,,,
5,도서관에서 책을 읽는 남자,욕망,아쉬움,욕망_아쉬움,,,
5,도서관에서 책을 읽는 남자,욕망,불만,욕망_불만,,,
5,도서관에서 책을 읽는 남자,욕망,갈등,욕망_갈등,,,
5,도서관에서 책을 읽는 남자,욕망,기대감,욕망_기대감,,,
5,도서관에서 책을 읽는 남자,싫어함(상태),답답함,싫어함(상태)_답답함,,,
5,도서관에서 책을 읽는 남자,싫어함(상태),불편함,싫어함(상태)_불편함,,,
5,도서관에서 책을 읽는 남자,싫어함(상태),난처함,싫어함(상태)_난처함,,,
5,도서관에서 책을 읽는 남자,싫어함(상태),서먹함,싫어함(상태)_서먹함,,,
5,도서관에서 책을 읽는 남자,싫어함(상태),심심함,싫어함(상태)_심심함,,,
5,도서관에서 책을 읽는 남자,싫어함(상태),싫증,싫어함(상태)_싫증,,,
5,도서관에서 책을 읽는 남자,수치심,부끄러움,수치심_부끄러움,,,
5,도서관에서 책을 읽는 남자,수치심,죄책감,수치심_죄책감,,,
5,도서관에서 책을 읽는 남자,수치심,미안함,수치심_미안함,,,
6,카페에서 커피를 마시는 여자,기쁨,반가움,기쁨_반가움,,,
6,카페에서 커피를 마시는 여자,기쁨,즐거움,기쁨_즐거움,,,
6,카페에서 커피를 마시는 여자,기쁨,신명남,기쁨_신명남,,,
6,카페에서 커피를 마시는 여자,기쁨,자신감,기쁨_자신감,,,
6,카페에서 커피를 마시는 여자,기쁨,감동,기쁨_감동,,,
6,카페에서 커피를 마시는 여자,기쁨,만족감,기쁨_만족감,,,
6,카페에서 커피를 마시는 여자,기쁨,편안함,기쁨_편안함,,,
6,카페에서 커피를 마시는 여자,기쁨,고마움,기쁨_고마움,,,
6,카페에서 커피를 마시는 여자,기쁨,신뢰감,기쁨_신뢰감,,,
6,카페에서 커피를 마시는 여자,기쁨,안정감,기쁨_안정감,,,
6,카페에서 커피를 마시는 여자,기쁨,공감,기쁨_공감,,,
6,카페에서 커피를 마시는 여자,기쁨,자랑스러움,기쁨_자랑스러움,,,
6,카페에서 커피를 마시는 여자,사랑,호감,사랑_호감,,,
6,카페에서 커피를 마시는 여자,사랑,귀중함,사랑_귀중함,,,
6,카페에서 커피를 마시는 여자,사랑,매력적,사랑_매력적,,,
6,카페에서 커피를 마시는 여자,사랑,두근거림,사랑_두근거림,,,
6,카페에서 커피를 마시는 여자,사랑,아른거림,사랑_아른거림,,,
6,카페에서 커피를 마시는 여자,사랑,너그러움,사랑_너그러움,,,
6,카페에서 커피를 마시는 여자,사랑,열정적임,사랑_열정적임,,,
6,카페에서 커피를 마시는 여자,사랑,다정함,사랑_다정함,,,
6,카페에서 커피를 마시는 여자,사랑,동정(슬픔),사랑_동정(슬픔),,,
6,카페에서 커피를 마시는 여자,슬픔,억울함,슬픔_억울함,,,
6,카페에서 커피를 마시는 여자,슬픔,외로움,슬픔_외로움,,,
6,카페에서 커피를 마시는 여자,슬픔,후회,슬픔_후회,,,
6,카페에서 커피를 마시는 여자,슬픔,실망,슬픔_실망,,,
6,카페에서 커피를 마시는 여자,슬픔,허망,슬픔_허망,,,
6,카페에서 커피를 마시는 여자,슬픔,그리움,슬픔_그리움,,,
6,카페에서 커피를 마시는 여자,슬픔,수치심,슬픔_수치심,,,
6,카페에서 커피를 마시는 여자,슬픔,고통,슬픔_고통,,,
6,카페에서 커피를 마시는 여자,슬픔,절망,슬픔_절망,,,
6,카페에서 커피를 마시는 여자,슬픔,무기력,슬픔_무기력,,,
6,카페에서 커피를 마시는 여자,슬픔,아픔,슬픔_아픔,,,
6,카페에서 커피를 마시는 여자,두려움,위축감,두려움_위축감,,,
6,카페에서 커피를 마시는 여자,두려움,놀람,두려움_놀람,,,
6,카페에서 커피를 마시는 여자,두려움,공포,두려움_공포,,,
6,카페에서 커피를 마시는 여자,두려움,걱정,두려움_걱정,,,
6,카페에서 커피를 마시는 여자,두려움,초조함,두려움_초조함,,,
6,카페에서 커피를 마시는 여자,분노,원망,분노_원망,,,
6,카페에서 커피를 마시는 여자,분노,불쾌,분노_불쾌,,,
6,카페에서 커피를 마시는 여자,분노,날카로움,분노_날카로움,,,
6,카페에서 커피를 마시는 여자,분노,타오름,분노_타오름,,,
6,카페에서 커피를 마시는 여자,미움(상대방),반감,미움(상대방)_반감,,,
6,카페에서 커피를 마시는 여자,미움(상대방),경멸,미움(상대방)_경멸,,,
6,카페에서 커피를 마시는 여자,미움(상대방),비위상함,미움(상대방)_비위상함,,,
6,카페에서 커피를 마시는 여자,미움(상대방),치사함,미움(상대방)_치사함,,,
6,카페에서 커피를 마시는 여자,미움(상대방),불신감,미움(상대방)_불신감,,,
6,카페에서 커피를 마시는 여자,미움(상대방),시기심,미움(상대방)_시기심,,,
6,카페에서 커피를 마시는 여자,미움(상대방),외면,미움(상대방)_외면,,,
6,카페에서 커피를 마시는 여자,미움(상대방),냉담,미움(상대방)_냉담,,,
6,카페에서 커피를 마시는 여자,욕망,욕심,욕망_욕심,,,
6,카페에서 커피를 마시는 여자,욕망,궁금함,욕망_궁금함,,,
6,카페에서 커피를 마시는 여자,욕망,아쉬움,욕망_아쉬움,,,
6,카페에서 커피를 마시는 여자,욕망,불만,욕망_불만,,,
6,카페에서 커피를 마시는 여자,욕망,갈등,욕망_갈등,,,
6,카페에서 커피를 마시는 여자,욕망,기대감,욕망_기대감,,,
6,카페에서 커피를 마시는 여자,싫어함(상태),답답함,싫어함(상태)_답답함,,,
6,카페에서 커피를 마시는 여자,싫어함(상태),불편함,싫어함(상태)_불편함,,,
6,카페에서 커피를 마시는 여자,싫어함(상태),난처함,싫어함(상태)_난처함,,,
6,카페에서 커피를 마시는 여자,싫어함(상태),서먹함,싫어함(상태)_서먹함,,,
6,카페에서 커피를 마시는 여자,싫어함(상태),심심함,싫어함(상태)_심심함,,,
6,카페에서 커피를 마시는 여자,싫어함(상태),싫증,싫어함(상태)_싫증,,,
6,카페에서 커피를 마시는 여자,수치심,부끄러움,수치심_부끄러움,,,
6,카페에서 커피를 마시는 여자,수치심,죄책감,수치심_죄책감,,,
6,카페에서 커피를 마시는 여자,수치심,미안함,수치심_미안함,,,
7,지하철을 기다리는 남자,기쁨,반가움,기쁨_반가움,,,
7,지하철을 기다리는 남자,기쁨,즐거움,기쁨_즐거움,,,
7,지하철을 기다리는 남자,기쁨,신명남,기쁨_신명남,,,
7,지하철을 기다리는 남자,기쁨,자신감,기쁨_자신감,,,
7,지하철을 기다리는 남자,기쁨,감동,기쁨_감동,,,
7,지하철을 기다리는 남자,기쁨,만족감,기쁨_만족감,,,
7,지하철을 기다리는 남자,기쁨,편안함,기쁨_편안함,,,
7,지하철을 기다리는 남자,기쁨,고마움,기쁨_고마움,,,
7,지하철을 기다리는 남자,기쁨,신뢰감,기쁨_신뢰감,,,
7,지하철을 기다리는 남자,기쁨,안정감,기쁨_안정감,,,
7,지하철을 기다리는 남자,기쁨,공감,기쁨_공감,,,
7,지하철을 기다리는 남자,기쁨,자랑스러움,기쁨_자랑스러움,,,
7,지하철을 기다리는 남자,사랑,호감,사랑_호감,,,
7,지하철을 기다리는 남자,사랑,귀중함,사랑_귀중함,,,
7,지하철을 기다리는 남자,사랑,매력적,사랑_매력적,,,
7,지하철을 기다리는 남자,사랑,두근거림,사랑_두근거림,,,
7,지하철을 기다리는 남자,사랑,아른거림,사랑_아른거림,,,
7,지하철을 기다리는 남자,사랑,너그러움,사랑_너그러움,,,
7,지하철을 기다리는 남자,사랑,열정적임,사랑_열정적임,,,
7,지하철을 기다리는 남자,사랑,다정함,사랑_다정함,,,
7,지하철을 기다리는 남자,사랑,동정(슬픔),사랑_동정(슬픔),,,
7,지하철을 기다리는 남자,슬픔,억울함,슬픔_억울함,,,
7,지하철을 기다리는 남자,슬픔,외로움,슬픔_외로움,,,
7,지하철을 기다리는 남자,슬픔,후회,슬픔_후회,,,
7,지하철을 기다리는 남자,슬픔,실망,슬픔_실망,,,
7,지하철을 기다리는 남자,슬픔,허망,슬픔_허망,,,
7,지하철을 기다리는 남자,슬픔,그리움,슬픔_그리움,,,
7,지하철을 기다리는 남자,슬픔,수치심,슬픔_수치심,,,
7,지하철을 기다리는 남자,슬픔,고통,슬픔_고통,,,
7,지하철을 기다리는 남자,슬픔,절망,슬픔_절망,,,
7,지하철을 기다리는 남자,슬픔,무기력,슬픔_무기력,,,
7,지하철을 기다리는 남자,슬픔,아픔,슬픔_아픔,,,
7,지하철을 기다리는 남자,두려움,위축감,두려움_위축감,,,
7,지하철을 기다리는 남자,두려움,놀람,두려움_놀람,,,
7,지하철을 기다리는 남자,두려움,공포,두려움_공포,,,
7,지하철을 기다리는 남자,두려움,걱정,두려움_걱정,,,
7,지하철을 기다리는 남자,두려움,초조함,두려움_초조함,,,
7,지하철을 기다리는 남자,분노,원망,분노_원망,,,
7,지하철을 기다리는 남자,분노,불쾌,분노_불쾌,,,
7,지하철을 기다리는 남자,분노,날카로움,분노_날카로움,,,
7,지하철을 기다리는 남자,분노,타오름,분노_타오름,,,
7,지하철을 기다리는 남자,미움(상대방),반감,미움(상대방)_반감,,,
7,지하철을 기다리는 남자,미움(상대방),경멸,미움(상대방)_경멸,,,
7,지하철을 기다리는 남자,미움(상대방),비위상함,미움(상대방)_비위상함,,,
7,지하철을 기다리는 남자,미움(상대방),치사함,미움(상대방)_치사함,,,
7,지하철을 기다리는 남자,미움(상대방),불신감,미움(상대방)_불신감,,,
7,지하철을 기다리는 남자,미움(상대방),시기심,미움(상대방)_시기심,,,
7,지하철을 기다리는 남자,미움(상대방),외면,미움(상대방)_외면,,,
7,지하철을 기다리는 남자,미움(상대방),냉담,미움(상대방)_냉담,,,
7,지하철을 기다리는 남자,욕망,욕심,욕망_욕심,,,
7,지하철을 기다리는 남자,욕망,궁금함,욕망_궁금함,,,
7,지하철을 기다리는 남자,욕망,아쉬움,욕망_아쉬움,,,
7,지하철을 기다리는 남자,욕망,불만,욕망_불만,,,
7,지하철을 기다리는 남자,욕망,갈등,욕망_갈등,,,
7,지하철을 기다리는 남자,욕망,기대감,욕망_기대감,,,
7,지하철을 기다리는 남자,싫어함(상태),답답함,싫어함(상태)_답답함,,,
7,지하철을 기다리는 남자,싫어함(상태),불편함,싫어함(상태)_불편함,,,
7,지하철을 기다리는 남자,싫어함(상태),난처함,싫어함(상태)_난처함,,,
7,지하철을 기다리는 남자,싫어함(상태),서먹함,싫어함(상태)_서먹함,,,
7,지하철을 기다리는 남자,싫어함(상태),심심함,싫어함(상태)_심심함,,,
7,지하철을 기다리는 남자,싫어함(상태),싫증,싫어함(상태)_싫증,,,
7,지하철을 기다리는 남자,수치심,부끄러움,수치심_부끄러움,,,
7,지하철을 기다리는 남자,수치심,죄책감,수치심_죄책감,,,
7,지하철을 기다리는 남자,수치심,미안함,수치심_미안함,,,
8,마트에서 장을 보는 여자,기쁨,반가움,기쁨_반가움,,,
8,마트에서 장을 보는 여자,기쁨,즐거움,기쁨_즐거움,,,
8,마트에서 장을 보는 여자,기쁨,신명남,기쁨_신명남,,,
8,마트에서 장을 보는 여자,기쁨,자신감,기쁨_자신감,,,
8,마트에서 장을 보는 여자,기쁨,감동,기쁨_감동,,,
8,마트에서 장을 보는 여자,기쁨,만족감,기쁨_만족감,,,
8,마트에서 장을 보는 여자,기쁨,편안함,기쁨_편안함,,,
8,마트에서 장을 보는 여자,기쁨,고마움,기쁨_고마움,,,
8,마트에서 장을 보는 여자,기쁨,신뢰감,기쁨_신뢰감,,,
8,마트에서 장을 보는 여자,기쁨,안정감,기쁨_안정감,,,
8,마트에서 장을 보는 여자,기쁨,공감,기쁨_공감,,,
8,마트에서 장을 보는 여자,기쁨,자랑스러움,기쁨_자랑스러움,,,
8,마트에서 장을 보는 여자,사랑,호감,사랑_호감,,,
8,마트에서 장을 보는 여자,사랑,귀중함,사랑_귀중함,,,
8,마트에서 장을 보는 여자,사랑,매력적,사랑_매력적,,,
8,마트에서 장을 보는 여자,사랑,두근거림,사랑_두근거림,,,
8,마트에서 장을 보는 여자,사랑,아른거림,사랑_아른거림,,,
8,마트에서 장을 보는 여자,사랑,너그러움,사랑_너그러움,,,
8,마트에서 장을 보는 여자,사랑,열정적임,사랑_열정적임,,,
8,마트에서 장을 보는 여자,사랑,다정함,사랑_다정함,,,
8,마트에서 장을 보는 여자,사랑,동정(슬픔),사랑_동정(슬픔),,,
8,마트에서 장을 보는 여자,슬픔,억울함,슬픔_억울함,,,
8,마트에서 장을 보는 여자,슬픔,외로움,슬픔_외로움,,,
8,마트에서 장을 보는 여자,슬픔,후회,슬픔_후회,,,
8,마트에서 장을 보는 여자,슬픔,실망,슬픔_실망,,,
8,마트에서 장을 보는 여자,슬픔,허망,슬픔_허망,,,
8,마트에서 장을 보는 여자,슬픔,그리움,슬픔_그리움,,,
8,마트에서 장을 보는 여자,슬픔,수치심,슬픔_수치심,,,
8,마트에서 장을 보는 여자,슬픔,고통,슬픔_고통,,,
8,마트에서 장을 보는 여자,슬픔,절망,슬픔_절망,,,
8,마트에서 장을 보는 여자,슬픔,무기력,슬픔_무기력,,,
8,마트에서 장을 보는 여자,슬픔,아픔,슬픔_아픔,,,
8,마트에서 장을 보는 여자,두려움,위축감,두려움_위축감,,,
8,마트에서 장을 보는 여자,두려움,놀람,두려움_놀람,,,
8,마트에서 장을 보는 여자,두려움,공포,두려움_공포,,,
8,마트에서 장을 보는 여자,두려움,걱정,두려움_걱정,,,
8,마트에서 장을 보는 여자,두려움,초조함,두려움_초조함,,,
8,마트에서 장을 보는 여자,분노,원망,분노_원망,,,
8,마트에서 장을 보는 여자,분노,불쾌,분노_불쾌,,,
8,마트에서 장을 보는 여자,분노,날카로움,분노_날카로움,,,
8,마트에서 장을 보는 여자,분노,타오름,분노_타오름,,,
8,마트에서 장을 보는 여자,미움(상대방),반감,미움(상대방)_반감,,,
8,마트에서 장을 보는 여자,미움(상대방),경멸,미움(상대방)_경멸,,,
8,마트에서 장을 보는 여자,미움(상대방),비위상함,미움(상대방)_비위상함,,,
8,마트에서 장을 보는 여자,미움(상대방),치사함,미움(상대방)_치사함,,,
8,마트에서 장을 보는 여자,미움(상대방),불신감,미움(상대방)_불신감,,,
8,마트에서 장을 보는 여자,미움(상대방),시기심,미움(상대방)_시기심,,,
8,마트에서 장을 보는 여자,미움(상대방),외면,미움(상대방)_외면,,,
8,마트에서 장을 보는 여자,미움(상대방),냉담,미움(상대방)_냉담,,,
8,마트에서 장을 보는 여자,욕망,욕심,욕망_욕심,,,
8,마트에서 장을 보는 여자,욕망,궁금함,욕망_궁금함,,,
8,마트에서 장을 보는 여자,욕망,아쉬움,욕망_아쉬움,,,
8,마트에서 장을 보는 여자,욕망,불만,욕망_불만,,,
8,마트에서 장을 보는 여자,욕망,갈등,욕망_갈등,,,
8,마트에서 장을 보는 여자,욕망,기대감,욕망_기대감,,,
8,마트에서 장을 보는 여자,싫어함(상태),답답함,싫어함(상태)_답답함,,,
8,마트에서 장을 보는 여자,싫어함(상태),불편함,싫어함(상태)_불편함,,,
8,마트에서 장을 보는 여자,싫어함(상태),난처함,싫어함(상태)_난처함,,,
8,마트에서 장을 보는 여자,싫어함(상태),서먹함,싫어함(상태)_서먹함,,,
8,마트에서 장을 보는 여자,싫어함(상태),심심함,싫어함(상태)_심심함,,,
8,마트에서 장을 보는 여자,싫어함(상태),싫증,싫어함(상태)_싫증,,,
8,마트에서 장을 보는 여자,수치심,부끄러움,수치심_부끄러움,,,
8,마트에서 장을 보는 여자,수치심,죄책감,수치심_죄책감,,,
8,마트에서 장을 보는 여자,수치심,미안함,수치심_미안함,,,
9,헬스장에서 운동하는 남자,기쁨,반가움,기쁨_반가움,,,
9,헬스장에서 운동하는 남자,기쁨,즐거움,기쁨_즐거움,,,
9,헬스장에서 운동하는 남자,기쁨,신명남,기쁨_신명남,,,
9,헬스장에서 운동하는 남자,기쁨,자신감,기쁨_자신감,,,
9,헬스장에서 운동하는 남자,기쁨,감동,기쁨_감동,,,
9,헬스장에서 운동하는 남자,기쁨,만족감,기쁨_만족감,,,
9,헬스장에서 운동하는 남자,기쁨,편안함,기쁨_편안함,,,
9,헬스장에서 운동하는 남자,기쁨,고마움,기쁨_고마움,,,
9,헬스장에서 운동하는 남자,기쁨,신뢰감,기쁨_신뢰감,,,
9,헬스장에서 운동하는 남자,기쁨,안정감,기쁨_안정감,,,
9,헬스장에서 운동하는 남자,기쁨,공감,기쁨_공감,,,
9,헬스장에서 운동하는 남자,기쁨,자랑스러움,기쁨_자랑스러움,,,
9,헬스장에서 운동하는 남자,사랑,호감,사랑_호감,,,
9,헬스장에서 운동하는 남자,사랑,귀중함,사랑_귀중함,,,
9,헬스장에서 운동하는 남자,사랑,매력적,사랑_매력적,,,
9,헬스장에서 운동하는 남자,사랑,두근거림,사랑_두근거림,,,
9,헬스장에서 운동하는 남자,사랑,아른거림,사랑_아른거림,,,
9,헬스장에서 운동하는 남자,사랑,너그러움,사랑_너그러움,,,
9,헬스장에서 운동하는 남자,사랑,열정적임,사랑_열정적임,,,
9,헬스장에서 운동하는 남자,사랑,다정함,사랑_다정함,,,
9,헬스장에서 운동하는 남자,사랑,동정(슬픔),사랑_동정(슬픔),,,
9,헬스장에서 운동하는 남자,슬픔,억울함,슬픔_억울함,,,
9,헬스장에서 운동하는 남자,슬픔,외로움,슬픔_외로움,,,
9,헬스장에서 운동하는 남자,슬픔,후회,슬픔_후회,,,
9,헬스장에서 운동하는 남자,슬픔,실망,슬픔_실망,,,
9,헬스장에서 운동하는 남자,슬픔,허망,슬픔_허망,,,
9,헬스장에서 운동하는 남자,슬픔,그리움,슬픔_그리움,,,
9,헬스장에서 운동하는 남자,슬픔,수치심,슬픔_수치심,,,
9,헬스장에서 운동하는 남자,슬픔,고통,슬픔_고통,,,
9,헬스장에서 운동하는 남자,슬픔,절망,슬픔_절망,,,
9,헬스장에서 운동하는 남자,슬픔,무기력,슬픔_무기력,,,
9,헬스장에서 운동하는 남자,슬픔,아픔,슬픔_아픔,,,
9,헬스장에서 운동하는 남자,두려움,위축감,두려움_위축감,,,
9,헬스장에서 운동하는 남자,두려움,놀람,두려움_놀람,,,
9,헬스장에서 운동하는 남자,두려움,공포,두려움_공포,,,
9,헬스장에서 운동하는 남자,두려움,걱정,두려움_걱정,,,
9,헬스장에서 운동하는 남자,두려움,초조함,두려움_초조함,,,
9,헬스장에서 운동하는 남자,분노,원망,분노_원망,,,
9,헬스장에서 운동하는 남자,분노,불쾌,분노_불쾌,,,
9,헬스장에서 운동하는 남자,분노,날카로움,분노_날카로움,,,
9,헬스장에서 운동하는 남자,분노,타오름,분노_타오름,,,
9,헬스장에서 운동하는 남자,미움(상대방),반감,미움(상대방)_반감,,,
9,헬스장에서 운동하는 남자,미움(상대방),경멸,미움(상대방)_경멸,,,
9,헬스장에서 운동하는 남자,미움(상대방),비위상함,미움(상대방)_비위상함,,,
9,헬스장에서 운동하는 남자,미움(상대방),치사함,미움(상대방)_치사함,,,
9,헬스장에서 운동하는 남자,미움(상대방),불신감,미움(상대방)_불신감,,,
9,헬스장에서 운동하는 남자,미움(상대방),시기심,미움(상대방)_시기심,,,
9,헬스장에서 운동하는 남자,미움(상대방),외면,미움(상대방)_외면,,,
9,헬스장에서 운동하는 남자,미움(상대방),냉담,미움(상대방)_냉담,,,
9,헬스장에서 운동하는 남자,욕망,욕심,욕망_욕심,,,
9,헬스장에서 운동하는 남자,욕망,궁금함,욕망_궁금함,,,
9,헬스장에서 운동하는 남자,욕망,아쉬움,욕망_아쉬움,,,
9,헬스장에서 운동하는 남자,욕망,불만,욕망_불만,,,
9,헬스장에서 운동하는 남자,욕망,갈등,욕망_갈등,,,
9,헬스장에서 운동하는 남자,욕망,기대감,욕망_기대감,,,
9,헬스장에서 운동하는 남자,싫어함(상태),답답함,싫어함(상태)_답답함,,,
9,헬스장에서 운동하는 남자,싫어함(상태),불편함,싫어함(상태)_불편함,,,
9,헬스장에서 운동하는 남자,싫어함(상태),난처함,싫어함(상태)_난처함,,,
9,헬스장에서 운동하는 남자,싫어함(상태),서먹함,싫어함(상태)_서먹함,,,
9,헬스장에서 운동하는 남자,싫어함(상태),심심함,싫어함(상태)_심심함,,,
9,헬스장에서 운동하는 남자,싫어함(상태),싫증,싫어함(상태)_싫증,,,
9,헬스장에서 운동하는 남자,수치심,부끄러움,수치심_부끄러움,,,
9,헬스장에서 운동하는 남자,수치심,죄책감,수치심_죄책감,,,
9,헬스장에서 운동하는 남자,수치심,미안함,수치심_미안함,,,
10,공원에서 산책하는 여자,기쁨,반가움,기쁨_반가움,,,
10,공원에서 산책하는 여자,기쁨,즐거움,기쁨_즐거움,,,
10,공원에서 산책하는 여자,기쁨,신명남,기쁨_신명남,,,
10,공원에서 산책하는 여자,기쁨,자신감,기쁨_자신감,,,
10,공원에서 산책하는 여자,기쁨,감동,기쁨_감동,,,
10,공원에서 산책하는 여자,기쁨,만족감,기쁨_만족감,,,
10,공원에서 산책하는 여자,기쁨,편안함,기쁨_편안함,,,
10,공원에서 산책하는 여자,기쁨,고마움,기쁨_고마움,,,
10,공원에서 산책하는 여자,기쁨,신뢰감,기쁨_신뢰감,,,
10,공원에서 산책하는 여자,기쁨,안정감,기쁨_안정감,,,
10,공원에서 산책하는 여자,기쁨,공감,기쁨_공감,,,
10,공원에서 산책하는 여자,기쁨,자랑스러움,기쁨_자랑스러움,,,
10,공원에서 산책하는 여자,사랑,호감,사랑_호감,,,
10,공원에서 산책하는 여자,사랑,귀중함,사랑_귀중함,,,
10,공원에서 산책하는 여자,사랑,매력적,사랑_매력적,,,
10,공원에서 산책하는 여자,사랑,두근거림,사랑_두근거림,,,
10,공원에서 산책하는 여자,사랑,아른거림,사랑_아른거림,,,
10,공원에서 산책하는 여자,사랑,너그러움,사랑_너그러움,,,
10,공원에서 산책하는 여자,사랑,열정적임,사랑_열정적임,,,
10,공원에서 산책하는 여자,사랑,다정함,사랑_다정함,,,
10,공원에서 산책하는 여자,사랑,동정(슬픔),사랑_동정(슬픔),,,
10,공원에서 산책하는 여자,슬픔,억울함,슬픔_억울함,,,
10,공원에서 산책하는 여자,슬픔,외로움,슬픔_외로움,,,
10,공원에서 산책하는 여자,슬픔,후회,슬픔_후회,,,
10,공원에서 산책하는 여자,슬픔,실망,슬픔_실망,,,
10,공원에서 산책하는 여자,슬픔,허망,슬픔_허망,,,
10,공원에서 산책하는 여자,슬픔,그리움,슬픔_그리움,,,
10,공원에서 산책하는 여자,슬픔,수치심,슬픔_수치심,,,
10,공원에서 산책하는 여자,슬픔,고통,슬픔_고통,,,
10,공원에서 산책하는 여자,슬픔,절망,슬픔_절망,,,
10,공원에서 산책하는 여자,슬픔,무기력,슬픔_무기력,,,
10,공원에서 산책하는 여자,슬픔,아픔,슬픔_아픔,,,
10,공원에서 산책하는 여자,두려움,위축감,두려움_위축감,,,
10,공원에서 산책하는 여자,두려움,놀람,두려움_놀람,,,
10,공원에서 산책하는 여자,두려움,공포,두려움_공포,,,
10,공원에서 산책하는 여자,두려움,걱정,두려움_걱정,,,
10,공원에서 산책하는 여자,두려움,초조함,두려움_초조함,,,
10,공원에서 산책하는 여자,분노,원망,분노_원망,,,
10,공원에서 산책하는 여자,분노,불쾌,분노_불쾌,,,
10,공원에서 산책하는 여자,분노,날카로움,분노_날카로움,,,
10,공원에서 산책하는 여자,분노,타오름,분노_타오름,,,
10,공원에서 산책하는 여자,미움(상대방),반감,미움(상대방)_반감,,,
10,공원에서 산책하는 여자,미움(상대방),경멸,미움(상대방)_경멸,,,
10,공원에서 산책하는 여자,미움(상대방),비위상함,미움(상대방)_비위상함,,,
10,공원에서 산책하는 여자,미움(상대방),치사함,미움(상대방)_치사함,,,
10,공원에서 산책하는 여자,미움(상대방),불신감,미움(상대방)_불신감,,,
10,공원에서 산책하는 여자,미움(상대방),시기심,미움(상대방)_시기심,,,
10,공원에서 산책하는 여자,미움(상대방),외면,미움(상대방)_외면,,,
10,공원에서 산책하는 여자,미움(상대방),냉담,미움(상대방)_냉담,,,
10,공원에서 산책하는 여자,욕망,욕심,욕망_욕심,,,
10,공원에서 산책하는 여자,욕망,궁금함,욕망_궁금함,,,
10,공원에서 산책하는 여자,욕망,아쉬움,욕망_아쉬움,,,
10,공원에서 산책하는 여자,욕망,불만,욕망_불만,,,
10,공원에서 산책하는 여자,욕망,갈등,욕망_갈등,,,
10,공원에서 산책하는 여자,욕망,기대감,욕망_기대감,,,
10,공원에서 산책하는 여자,싫어함(상태),답답함,싫어함(상태)_답답함,,,
10,공원에서 산책하는 여자,싫어함(상태),불편함,싫어함(상태)_불편함,,,
10,공원에서 산책하는 여자,싫어함(상태),난처함,싫어함(상태)_난처함,,,
10,공원에서 산책하는 여자,싫어함(상태),서먹함,싫어함(상태)_서먹함,,,
10,공원에서 산책하는 여자,싫어함(상태),심심함,싫어함(상태)_심심함,,,
10,공원에서 산책하는 여자,싫어함(상태),싫증,싫어함(상태)_싫증,,,
10,공원에서 산책하는 여자,수치심,부끄러움,수치심_부끄러움,,,
10,공원에서 산책하는 여자,수치심,죄책감,수치심_죄책감,,,
10,공원에서 산책하는 여자,수치심,미안함,수치심_미안함,,,
11,회사에서 야근하는 남자,기쁨,반가움,기쁨_반가움,,,
11,회사에서 야근하는 남자,기쁨,즐거움,기쁨_즐거움,,,
11,회사에서 야근하는 남자,기쁨,신명남,기쁨_신명남,,,
11,회사에서 야근하는 남자,기쁨,자신감,기쁨_자신감,,,
11,회사에서 야근하는 남자,기쁨,감동,기쁨_감동,,,
11,회사에서 야근하는 남자,기쁨,만족감,기쁨_만족감,,,
11,회사에서 야근하는 남자,기쁨,편안함,기쁨_편안함,,,
11,회사에서 야근하는 남자,기쁨,고마움,기쁨_고마움,,,
11,회사에서 야근하는 남자,기쁨,신뢰감,기쁨_신뢰감,,,
11,회사에서 야근하는 남자,기쁨,안정감,기쁨_안정감,,,
11,회사에서 야근하는 남자,기쁨,공감,기쁨_공감,,,
11,회사에서 야근하는 남자,기쁨,자랑스러움,기쁨_자랑스러움,,,
11,회사에서 야근하는 남자,사랑,호감,사랑_호감,,,
11,회사에서 야근하는 남자,사랑,귀중함,사랑_귀중함,,,
11,회사에서 야근하는 남자,사랑,매력적,사랑_매력적,,,
11,회사에서 야근하는 남자,사랑,두근거림,사랑_두근거림,,,
11,회사에서 야근하는 남자,사랑,아른거림,사랑_아른거림,,,
11,회사에서 야근하는 남자,사랑,너그러움,사랑_너그러움,,,
11,회사에서 야근하는 남자,사랑,열정적임,사랑_열정적임,,,
11,회사에서 야근하는 남자,사랑,다정함,사랑_다정함,,,
11,회사에서 야근하는 남자,사랑,동정(슬픔),사랑_동정(슬픔),,,
11,회사에서 야근하는 남자,슬픔,억울함,슬픔_억울함,,,
11,회사에서 야근하는 남자,슬픔,외로움,슬픔_외로움,,,
11,회사에서 야근하는 남자,슬픔,후회,슬픔_후회,,,
11,회사에서 야근하는 남자,슬픔,실망,슬픔_실망,,,
11,회사에서 야근하는 남자,슬픔,허망,슬픔_허망,,,
11,회사에서 야근하는 남자,슬픔,그리움,슬픔_그리움,,,
11,회사에서 야근하는 남자,슬픔,수치심,슬픔_수치심,,,
11,회사에서 야근하는 남자,슬픔,고통,슬픔_고통,,,
11,회사에서 야근하는 남자,슬픔,절망,슬픔_절망,,,
11,회사에서 야근하는 남자,슬픔,무기력,슬픔_무기력,,,
11,회사에서 야근하는 남자,슬픔,아픔,슬픔_아픔,,,
11,회사에서 야근하는 남자,두려움,위축감,두려움_위축감,,,
11,회사에서 야근하는 남자,두려움,놀람,두려움_놀람,,,
11,회사에서 야근하는 남자,두려움,공포,두려움_공포,,,
11,회사에서 야근하는 남자,두려움,걱정,두려움_걱정,,,
11,회사에서 야근하는 남자,두려움,초조함,두려움_초조함,,,
11,회사에서 야근하는 남자,분노,원망,분노_원망,,,
11,회사에서 야근하는 남자,분노,불쾌,분노_불쾌,,,
11,회사에서 야근하는 남자,분노,날카로움,분노_날카로움,,,
11,회사에서 야근하는 남자,분노,타오름,분노_타오름,,,
11,회사에서 야근하는 남자,미움(상대방),반감,미움(상대방)_반감,,,
11,회사에서 야근하는 남자,미움(상대방),경멸,미움(상대방)_경멸,,,
11,회사에서 야근하는 남자,미움(상대방),비위상함,미움(상대방)_비위상함,,,
11,회사에서 야근하는 남자,미움(상대방),치사함,미움(상대방)_치사함,,,
11,회사에서 야근하는 남자,미움(상대방),불신감,미움(상대방)_불신감,,,
11,회사에서 야근하는 남자,미움(상대방),시기심,미움(상대방)_시기심,,,
11,회사에서 야근하는 남자,미움(상대방),외면,미움(상대방)_외면,,,
11,회사에서 야근하는 남자,미움(상대방),냉담,미움(상대방)_냉담,,,
11,회사에서 야근하는 남자,욕망,욕심,욕망_욕심,,,
11,회사에서 야근하는 남자,욕망,궁금함,욕망_궁금함,,,
11,회사에서 야근하는 남자,욕망,아쉬움,욕망_아쉬움,,,
11,회사에서 야근하는 남자,욕망,불만,욕망_불만,,,
11,회사에서 야근하는 남자,욕망,갈등,욕망_갈등,,,
11,회사에서 야근하는 남자,욕망,기대감,욕망_기대감,,,
11,회사에서 야근하는 남자,싫어함(상태),답답함,싫어함(상태)_답답함,,,
11,회사에서 야근하는 남자,싫어함(상태),불편함,싫어함(상태)_불편함,,,
11,회사에서 야근하는 남자,싫어함(상태),난처함,싫어함(상태)_난처함,,,
11,회사에서 야근하는 남자,싫어함(상태),서먹함,싫어함(상태)_서먹함,,,
11,회사에서 야근하는 남자,싫어함(상태),심심함,싫어함(상태)_심심함,,,
11,회사에서 야근하는 남자,싫어함(상태),싫증,싫어함(상태)_싫증,,,
11,회사에서 야근하는 남자,수치심,부끄러움,수치심_부끄러움,,,
11,회사에서 야근하는 남자,수치심,죄책감,수치심_죄책감,,,
11,회사에서 야근하는 남자,수치심,미안함,수치심_미안함,,,
12,해변에서 사진 찍는 여자,기쁨,반가움,기쁨_반가움,,,
12,해변에서 사진 찍는 여자,기쁨,즐거움,기쁨_즐거움,,,
12,해변에서 사진 찍는 여자,기쁨,신명남,기쁨_신명남,,,
12,해변에서 사진 찍는 여자,기쁨,자신감,기쁨_자신감,,,
12,해변에서 사진 찍는 여자,기쁨,감동,기쁨_감동,,,
12,해변에서 사진 찍는 여자,기쁨,만족감,기쁨_만족감,,,
12,해변에서 사진 찍는 여자,기쁨,편안함,기쁨_편안함,,,
12,해변에서 사진 찍는 여자,기쁨,고마움,기쁨_고마움,,,
12,해변에서 사진 찍는 여자,기쁨,신뢰감,기쁨_신뢰감,,,
12,해변에서 사진 찍는 여자,기쁨,안정감,기쁨_안정감,,,
12,해변에서 사진 찍는 여자,기쁨,공감,기쁨_공감,,,
12,해변에서 사진 찍는 여자,기쁨,자랑스러움,기쁨_자랑스러움,,,
12,해변에서 사진 찍는 여자,사랑,호감,사랑_호감,,,
12,해변에서 사진 찍는 여자,사랑,귀중함,사랑_귀중함,,,
12,해변에서 사진 찍는 여자,사랑,매력적,사랑_매력적,,,
12,해변에서 사진 찍는 여자,사랑,두근거림,사랑_두근거림,,,
12,해변에서 사진 찍는 여자,사랑,아른거림,사랑_아른거림,,,
12,해변에서 사진 찍는 여자,사랑,너그러움,사랑_너그러움,,,
12,해변에서 사진 찍는 여자,사랑,열정적임,사랑_열정적임,,,
12,해변에서 사진 찍는 여자,사랑,다정함,사랑_다정함,,,
12,해변에서 사진 찍는 여자,사랑,동정(슬픔),사랑_동정(슬픔),,,
12,해변에서 사진 찍는 여자,슬픔,억울함,슬픔_억울함,,,
12,해변에서 사진 찍는 여자,슬픔,외로움,슬픔_외로움,,,
12,해변에서 사진 찍는 여자,슬픔,후회,슬픔_후회,,,
12,해변에서 사진 찍는 여자,슬픔,실망,슬픔_실망,,,
12,해변에서 사진 찍는 여자,슬픔,허망,슬픔_허망,,,
12,해변에서 사진 찍는 여자,슬픔,그리움,슬픔_그리움,,,
12,해변에서 사진 찍는 여자,슬픔,수치심,슬픔_수치심,,,
12,해변에서 사진 찍는 여자,슬픔,고통,슬픔_고통,,,
12,해변에서 사진 찍는 여자,슬픔,절망,슬픔_절망,,,
12,해변에서 사진 찍는 여자,슬픔,무기력,슬픔_무기력,,,
12,해변에서 사진 찍는 여자,슬픔,아픔,슬픔_아픔,,,
12,해변에서 사진 찍는 여자,두려움,위축감,두려움_위축감,,,
12,해변에서 사진 찍는 여자,두려움,놀람,두려움_놀람,,,
12,해변에서 사진 찍는 여자,두려움,공포,두려움_공포,,,
12,해변에서 사진 찍는 여자,두려움,걱정,두려움_걱정,,,
12,해변에서 사진 찍는 여자,두려움,초조함,두려움_초조함,,,
12,해변에서 사진 찍는 여자,분노,원망,분노_원망,,,
12,해변에서 사진 찍는 여자,분노,불쾌,분노_불쾌,,,
12,해변에서 사진 찍는 여자,분노,날카로움,분노_날카로움,,,
12,해변에서 사진 찍는 여자,분노,타오름,분노_타오름,,,
12,해변에서 사진 찍는 여자,미움(상대방),반감,미움(상대방)_반감,,,
12,해변에서 사진 찍는 여자,미움(상대방),경멸,미움(상대방)_경멸,,,
12,해변에서 사진 찍는 여자,미움(상대방),비위상함,미움(상대방)_비위상함,,,
12,해변에서 사진 찍는 여자,미움(상대방),치사함,미움(상대방)_치사함,,,
12,해변에서 사진 찍는 여자,미움(상대방),불신감,미움(상대방)_불신감,,,
12,해변에서 사진 찍는 여자,미움(상대방),시기심,미움(상대방)_시기심,,,
12,해변에서 사진 찍는 여자,미움(상대방),외면,미움(상대방)_외면,,,
12,해변에서 사진 찍는 여자,미움(상대방),냉담,미움(상대방)_냉담,,,
12,해변에서 사진 찍는 여자,욕망,욕심,욕망_욕심,,,
12,해변에서 사진 찍는 여자,욕망,궁금함,욕망_궁금함,,,
12,해변에서 사진 찍는 여자,욕망,아쉬움,욕망_아쉬움,,,
12,해변에서 사진 찍는 여자,욕망,불만,욕망_불만,,,
12,해변에서 사진 찍는 여자,욕망,갈등,욕망_갈등,,,
12,해변에서 사진 찍는 여자,욕망,기대감,욕망_기대감,,,
12,해변에서 사진 찍는 여자,싫어함(상태),답답함,싫어함(상태)_답답함,,,
12,해변에서 사진 찍는 여자,싫어함(상태),불편함,싫어함(상태)_불편함,,,
12,해변에서 사진 찍는 여자,싫어함(상태),난처함,싫어함(상태)_난처함,,,
12,해변에서 사진 찍는 여자,싫어함(상태),서먹함,싫어함(상태)_서먹함,,,
12,해변에서 사진 찍는 여자,싫어함(상태),심심함,싫어함(상태)_심심함,,,
12,해변에서 사진 찍는 여자,싫어함(상태),싫증,싫어함(상태)_싫증,,,
12,해변에서 사진 찍는 여자,수치심,부끄러움,수치심_부끄러움,,,
12,해변에서 사진 찍는 여자,수치심,죄책감,수치심_죄책감,,,
12,해변에서 사진 찍는 여자,수치심,미안함,수치심_미안함,,,
13,버스를 타고 출근하는 남자,기쁨,반가움,기쁨_반가움,,,
13,버스를 타고 출근하는 남자,기쁨,즐거움,기쁨_즐거움,,,
13,버스를 타고 출근하는 남자,기쁨,신명남,기쁨_신명남,,,
13,버스를 타고 출근하는 남자,기쁨,자신감,기쁨_자신감,,,
13,버스를 타고 출근하는 남자,기쁨,감동,기쁨_감동,,,
13,버스를 타고 출근하는 남자,기쁨,만족감,기쁨_만족감,,,
13,버스를 타고 출근하는 남자,기쁨,편안함,기쁨_편안함,,,
13,버스를 타고 출근하는 남자,기쁨,고마움,기쁨_고마움,,,
13,버스를 타고 출근하는 남자,기쁨,신뢰감,기쁨_신뢰감,,,
13,버스를 타고 출근하는 남자,기쁨,안정감,기쁨_안정감,,,
13,버스를 타고 출근하는 남자,기쁨,공감,기쁨_공감,,,
13,버스를 타고 출근하는 남자,기쁨,자랑스러움,기쁨_자랑스러움,,,
13,버스를 타고 출근하는 남자,사랑,호감,사랑_호감,,,
13,버스를 타고 출근하는 남자,사랑,귀중함,사랑_귀중함,,,
13,버스를 타고 출근하는 남자,사랑,매력적,사랑_매력적,,,
13,버스를 타고 출근하는 남자,사랑,두근거림,사랑_두근거림,,,
13,버스를 타고 출근하는 남자,사랑,아른거림,사랑_아른거림,,,
13,버스를 타고 출근하는 남자,사랑,너그러움,사랑_너그러움,,,
13,버스를 타고 출근하는 남자,사랑,열정적임,사랑_열정적임,,,
13,버스를 타고 출근하는 남자,사랑,다정함,사랑_다정함,,,
13,버스를 타고 출근하는 남자,사랑,동정(슬픔),사랑_동정(슬픔),,,
13,버스를 타고 출근하는 남자,슬픔,억울함,슬픔_억울함,,,
13,버스를 타고 출근하는 남자,슬픔,외로움,슬픔_외로움,,,
13,버스를 타고 출근하는 남자,슬픔,후회,슬픔_후회,,,
13,버스를 타고 출근하는 남자,슬픔,실망,슬픔_실망,,,
13,버스를 타고 출근하는 남자,슬픔,허망,슬픔_허망,,,
13,버스를 타고 출근하는 남자,슬픔,그리움,슬픔_그리움,,,
13,버스를 타고 출근하는 남자,슬픔,수치심,슬픔_수치심,,,
13,버스를 타고 출근하는 남자,슬픔,고통,슬픔_고통,,,
13,버스를 타고 출근하는 남자,슬픔,절망,슬픔_절망,,,
13,버스를 타고 출근하는 남자,슬픔,무기력,슬픔_무기력,,,
13,버스를 타고 출근하는 남자,슬픔,아픔,슬픔_아픔,,,
13,버스를 타고 출근하는 남자,두려움,위축감,두려움_위축감,,,
13,버스를 타고 출근하는 남자,두려움,놀람,두려움_놀람,,,
13,버스를 타고 출근하는 남자,두려움,공포,두려움_공포,,,
13,버스를 타고 출근하는 남자,두려움,걱정,두려움_걱정,,,
13,버스를 타고 출근하는 남자,두려움,초조함,두려움_초조함,,,
13,버스를 타고 출근하는 남자,분노,원망,분노_원망,,,
13,버스를 타고 출근하는 남자,분노,불쾌,분노_불쾌,,,
13,버스를 타고 출근하는 남자,분노,날카로움,분노_날카로움,,,
13,버스를 타고 출근하는 남자,분노,타오름,분노_타오름,,,
13,버스를 타고 출근하는 남자,미움(상대방),반감,미움(상대방)_반감,,,
13,버스를 타고 출근하는 남자,미움(상대방),경멸,미움(상대방)_경멸,,,
13,버스를 타고 출근하는 남자,미움(상대방),비위상함,미움(상대방)_비위상함,,,
13,버스를 타고 출근하는 남자,미움(상대방),치사함,미움(상대방)_치사함,,,
13,버스를 타고 출근하는 남자,미움(상대방),불신감,미움(상대방)_불신감,,,
13,버스를 타고 출근하는 남자,미움(상대방),시기심,미움(상대방)_시기심,,,
13,버스를 타고 출근하는 남자,미움(상대방),외면,미움(상대방)_외면,,,
13,버스를 타고 출근하는 남자,미움(상대방),냉담,미움(상대방)_냉담,,,
13,버스를 타고 출근하는 남자,욕망,욕심,욕망_욕심,,,
13,버스를 타고 출근하는 남자,욕망,궁금함,욕망_궁금함,,,
13,버스를 타고 출근하는 남자,욕망,아쉬움,욕망_아쉬움,,,
13,버스를 타고 출근하는 남자,욕망,불만,욕망_불만,,,
13,버스를 타고 출근하는 남자,욕망,갈등,욕망_갈등,,,
13,버스를 타고 출근하는 남자,욕망,기대감,욕망_기대감,,,
13,버스를 타고 출근하는 남자,싫어함(상태),답답함,싫어함(상태)_답답함,,,
13,버스를 타고 출근하는 남자,싫어함(상태),불편함,싫어함(상태)_불편함,,,
13,버스를 타고 출근하는 남자,싫어함(상태),난처함,싫어함(상태)_난처함,,,
13,버스를 타고 출근하는 남자,싫어함(상태),서먹함,싫어함(상태)_서먹함,,,
13,버스를 타고 출근하는 남자,싫어함(상태),심심함,싫어함(상태)_심심함,,,
13,버스를 타고 출근하는 남자,싫어함(상태),싫증,싫어함(상태)_싫증,,,
13,버스를 타고 출근하는 남자,수치심,부끄러움,수치심_부끄러움,,,
13,버스를 타고 출근하는 남자,수치심,죄책감,수치심_죄책감,,,
13,버스를 타고 출근하는 남자,수치심,미안함,수치심_미안함,,,
14,미술관을 관람하는 여자,기쁨,반가움,기쁨_반가움,,,
14,미술관을 관람하는 여자,기쁨,즐거움,기쁨_즐거움,,,
14,미술관을 관람하는 여자,기쁨,신명남,기쁨_신명남,,,
14,미술관을 관람하는 여자,기쁨,자신감,기쁨_자신감,,,
14,미술관을 관람하는 여자,기쁨,감동,기쁨_감동,,,
14,미술관을 관람하는 여자,기쁨,만족감,기쁨_만족감,,,
14,미술관을 관람하는 여자,기쁨,편안함,기쁨_편안함,,,
14,미술관을 관람하는 여자,기쁨,고마움,기쁨_고마움,,,
14,미술관을 관람하는 여자,기쁨,신뢰감,기쁨_신뢰감,,,
14,미술관을 관람하는 여자,기쁨,안정감,기쁨_안정감,,,
14,미술관을 관람하는 여자,기쁨,공감,기쁨_공감,,,
14,미술관을 관람하는 여자,기쁨,자랑스러움,기쁨_자랑스러움,,,
14,미술관을 관람하는 여자,사랑,호감,사랑_호감,,,
14,미술관을 관람하는 여자,사랑,귀중함,사랑_귀중함,,,
14,미술관을 관람하는 여자,사랑,매력적,사랑_매력적,,,
14,미술관을 관람하는 여자,사랑,두근거림,사랑_두근거림,,,
14,미술관을 관람하는 여자,사랑,아른거림,사랑_아른거림,,,
14,미술관을 관람하는 여자,사랑,너그러움,사랑_너그러움,,,
14,미술관을 관람하는 여자,사랑,열정적임,사랑_열정적임,,,
14,미술관을 관람하는 여자,사랑,다정함,사랑_다정함,,,
14,미술관을 관람하는 여자,사랑,동정(슬픔),사랑_동정(슬픔),,,
14,미술관을 관람하는 여자,슬픔,억울함,슬픔_억울함,,,
14,미술관을 관람하는 여자,슬픔,외로움,슬픔_외로움,,,
14,미술관을 관람하는 여자,슬픔,후회,슬픔_후회,,,
14,미술관을 관람하는 여자,슬픔,실망,슬픔_실망,,,
14,미술관을 관람하는 여자,슬픔,허망,슬픔_허망,,,
14,미술관을 관람하는 여자,슬픔,그리움,슬픔_그리움,,,
14,미술관을 관람하는 여자,슬픔,수치심,슬픔_수치심,,,
14,미술관을 관람하는 여자,슬픔,고통,슬픔_고통,,,
14,미술관을 관람하는 여자,슬픔,절망,슬픔_절망,,,
14,미술관을 관람하는 여자,슬픔,무기력,슬픔_무기력,,,
14,미술관을 관람하는 여자,슬픔,아픔,슬픔_아픔,,,
14,미술관을 관람하는 여자,두려움,위축감,두려움_위축감,,,
14,미술관을 관람하는 여자,두려움,놀람,두려움_놀람,,,
14,미술관을 관람하는 여자,두려움,공포,두려움_공포,,,
14,미술관을 관람하는 여자,두려움,걱정,두려움_걱정,,,
14,미술관을 관람하는 여자,두려움,초조함,두려움_초조함,,,
14,미술관을 관람하는 여자,분노,원망,분노_원망,,,
14,미술관을 관람하는 여자,분노,불쾌,분노_불쾌,,,
14,미술관을 관람하는 여자,분노,날카로움,분노_날카로움,,,
14,미술관을 관람하는 여자,분노,타오름,분노_타오름,,,
14,미술관을 관람하는 여자,미움(상대방),반감,미움(상대방)_반감,,,
14,미술관을 관람하는 여자,미움(상대방),경멸,미움(상대방)_경멸,,,
14,미술관을 관람하는 여자,미움(상대방),비위상함,미움(상대방)_비위상함,,,
14,미술관을 관람하는 여자,미움(상대방),치사함,미움(상대방)_치사함,,,
14,미술관을 관람하는 여자,미움(상대방),불신감,미움(상대방)_불신감,,,
14,미술관을 관람하는 여자,미움(상대방),시기심,미움(상대방)_시기심,,,
14,미술관을 관람하는 여자,미움(상대방),외면,미움(상대방)_외면,,,
14,미술관을 관람하는 여자,미움(상대방),냉담,미움(상대방)_냉담,,,
14,미술관을 관람하는 여자,욕망,욕심,욕망_욕심,,,
14,미술관을 관람하는 여자,욕망,궁금함,욕망_궁금함,,,
14,미술관을 관람하는 여자,욕망,아쉬움,욕망_아쉬움,,,
14,미술관을 관람하는 여자,욕망,불만,욕망_불만,,,
14,미술관을 관람하는 여자,욕망,갈등,욕망_갈등,,,
14,미술관을 관람하는 여자,욕망,기대감,욕망_기대감,,,
14,미술관을 관람하는 여자,싫어함(상태),답답함,싫어함(상태)_답답함,,,
14,미술관을 관람하는 여자,싫어함(상태),불편함,싫어함(상태)_불편함,,,
14,미술관을 관람하는 여자,싫어함(상태),난처함,싫어함(상태)_난처함,,,
14,미술관을 관람하는 여자,싫어함(상태),서먹함,싫어함(상태)_서먹함,,,
14,미술관을 관람하는 여자,싫어함(상태),심심함,싫어함(상태)_심심함,,,
14,미술관을 관람하는 여자,싫어함(상태),싫증,싫어함(상태)_싫증,,,
14,미술관을 관람하는 여자,수치심,부끄러움,수치심_부끄러움,,,
14,미술관을 관람하는 여자,수치심,죄책감,수치심_죄책감,,,
14,미술관을 관람하는 여자,수치심,미안함,수치심_미안함,,,
15,친구와 술집에 간 남자,기쁨,반가움,기쁨_반가움,,,
15,친구와 술집에 간 남자,기쁨,즐거움,기쁨_즐거움,,,
15,친구와 술집에 간 남자,기쁨,신명남,기쁨_신명남,,,
15,친구와 술집에 간 남자,기쁨,자신감,기쁨_자신감,,,
15,친구와 술집에 간 남자,기쁨,감동,기쁨_감동,,,
15,친구와 술집에 간 남자,기쁨,만족감,기쁨_만족감,,,
15,친구와 술집에 간 남자,기쁨,편안함,기쁨_편안함,,,
15,친구와 술집에 간 남자,기쁨,고마움,기쁨_고마움,,,
15,친구와 술집에 간 남자,기쁨,신뢰감,기쁨_신뢰감,,,
15,친구와 술집에 간 남자,기쁨,안정감,기쁨_안정감,,,
15,친구와 술집에 간 남자,기쁨,공감,기쁨_공감,,,
15,친구와 술집에 간 남자,기쁨,자랑스러움,기쁨_자랑스러움,,,
15,친구와 술집에 간 남자,사랑,호감,사랑_호감,,,
15,친구와 술집에 간 남자,사랑,귀중함,사랑_귀중함,,,
15,친구와 술집에 간 남자,사랑,매력적,사랑_매력적,,,
15,친구와 술집에 간 남자,사랑,두근거림,사랑_두근거림,,,
15,친구와 술집에 간 남자,사랑,아른거림,사랑_아른거림,,,
15,친구와 술집에 간 남자,사랑,너그러움,사랑_너그러움,,,
15,친구와 술집에 간 남자,사랑,열정적임,사랑_열정적임,,,
15,친구와 술집에 간 남자,사랑,다정함,사랑_다정함,,,
15,친구와 술집에 간 남자,사랑,동정(슬픔),사랑_동정(슬픔),,,
15,친구와 술집에 간 남자,슬픔,억울함,슬픔_억울함,,,
15,친구와 술집에 간 남자,슬픔,외로움,슬픔_외로움,,,
15,친구와 술집에 간 남자,슬픔,후회,슬픔_후회,,,
15,친구와 술집에 간 남자,슬픔,실망,슬픔_실망,,,
15,친구와 술집에 간 남자,슬픔,허망,슬픔_허망,,,
15,친구와 술집에 간 남자,슬픔,그리움,슬픔_그리움,,,
15,친구와 술집에 간 남자,슬픔,수치심,슬픔_수치심,,,
15,친구와 술집에 간 남자,슬픔,고통,슬픔_고통,,,
15,친구와 술집에 간 남자,슬픔,절망,슬픔_절망,,,
15,친구와 술집에 간 남자,슬픔,무기력,슬픔_무기력,,,
15,친구와 술집에 간 남자,슬픔,아픔,슬픔_아픔,,,
15,친구와 술집에 간 남자,두려움,위축감,두려움_위축감,,,
15,친구와 술집에 간 남자,두려움,놀람,두려움_놀람,,,
15,친구와 술집에 간 남자,두려움,공포,두려움_공포,,,
15,친구와 술집에 간 남자,두려움,걱정,두려움_걱정,,,
15,친구와 술집에 간 남자,두려움,초조함,두려움_초조함,,,
15,친구와 술집에 간 남자,분노,원망,분노_원망,,,
15,친구와 술집에 간 남자,분노,불쾌,분노_불쾌,,,
15,친구와 술집에 간 남자,분노,날카로움,분노_날카로움,,,
15,친구와 술집에 간 남자,분노,타오름,분노_타오름,,,
15,친구와 술집에 간 남자,미움(상대방),반감,미움(상대방)_반감,,,
15,친구와 술집에 간 남자,미움(상대방),경멸,미움(상대방)_경멸,,,
15,친구와 술집에 간 남자,미움(상대방),비위상함,미움(상대방)_비위상함,,,
15,친구와 술집에 간 남자,미움(상대방),치사함,미움(상대방)_치사함,,,
15,친구와 술집에 간 남자,미움(상대방),불신감,미움(상대방)_불신감,,,
15,친구와 술집에 간 남자,미움(상대방),시기심,미움(상대방)_시기심,,,
15,친구와 술집에 간 남자,미움(상대방),외면,미움(상대방)_외면,,,
15,친구와 술집에 간 남자,미움(상대방),냉담,미움(상대방)_냉담,,,
15,친구와 술집에 간 남자,욕망,욕심,욕망_욕심,,,
15,친구와 술집에 간 남자,욕망,궁금함,욕망_궁금함,,,
15,친구와 술집에 간 남자,욕망,아쉬움,욕망_아쉬움,,,
15,친구와 술집에 간 남자,욕망,불만,욕망_불만,,,
15,친구와 술집에 간 남자,욕망,갈등,욕망_갈등,,,
15,친구와 술집에 간 남자,욕망,기대감,욕망_기대감,,,
15,친구와 술집에 간 남자,싫어함(상태),답답함,싫어함(상태)_답답함,,,
15,친구와 술집에 간 남자,싫어함(상태),불편함,싫어함(상태)_불편함,,,
15,친구와 술집에 간 남자,싫어함(상태),난처함,싫어함(상태)_난처함,,,
15,친구와 술집에 간 남자,싫어함(상태),서먹함,싫어함(상태)_서먹함,,,
15,친구와 술집에 간 남자,싫어함(상태),심심함,싫어함(상태)_심심함,,,
15,친구와 술집에 간 남자,싫어함(상태),싫증,싫어함(상태)_싫증,,,
15,친구와 술집에 간 남자,수치심,부끄러움,수치심_부끄러움,,,
15,친구와 술집에 간 남자,수치심,죄책감,수치심_죄책감,,,
15,친구와 술집에 간 남자,수치심,미안함,수치심_미안함,,,
16,강아지를 산책시키는 여자,기쁨,반가움,기쁨_반가움,,,
16,강아지를 산책시키는 여자,기쁨,즐거움,기쁨_즐거움,,,
16,강아지를 산책시키는 여자,기쁨,신명남,기쁨_신명남,,,
16,강아지를 산책시키는 여자,기쁨,자신감,기쁨_자신감,,,
16,강아지를 산책시키는 여자,기쁨,감동,기쁨_감동,,,
16,강아지를 산책시키는 여자,기쁨,만족감,기쁨_만족감,,,
16,강아지를 산책시키는 여자,기쁨,편안함,기쁨_편안함,,,
16,강아지를 산책시키는 여자,기쁨,고마움,기쁨_고마움,,,
16,강아지를 산책시키는 여자,기쁨,신뢰감,기쁨_신뢰감,,,
16,강아지를 산책시키는 여자,기쁨,안정감,기쁨_안정감,,,
16,강아지를 산책시키는 여자,기쁨,공감,기쁨_공감,,,
16,강아지를 산책시키는 여자,기쁨,자랑스러움,기쁨_자랑스러움,,,
16,강아지를 산책시키는 여자,사랑,호감,사랑_호감,,,
16,강아지를 산책시키는 여자,사랑,귀중함,사랑_귀중함,,,
16,강아지를 산책시키는 여자,사랑,매력적,사랑_매력적,,,
16,강아지를 산책시키는 여자,사랑,두근거림,사랑_두근거림,,,
16,강아지를 산책시키는 여자,사랑,아른거림,사랑_아른거림,,,
16,강아지를 산책시키는 여자,사랑,너그러움,사랑_너그러움,,,
16,강아지를 산책시키는 여자,사랑,열정적임,사랑_열정적임,,,
16,강아지를 산책시키는 여자,사랑,다정함,사랑_다정함,,,
16,강아지를 산책시키는 여자,사랑,동정(슬픔),사랑_동정(슬픔),,,
16,강아지를 산책시키는 여자,슬픔,억울함,슬픔_억울함,,,
16,강아지를 산책시키는 여자,슬픔,외로움,슬픔_외로움,,,
16,강아지를 산책시키는 여자,슬픔,후회,슬픔_후회,,,
16,강아지를 산책시키는 여자,슬픔,실망,슬픔_실망,,,
16,강아지를 산책시키는 여자,슬픔,허망,슬픔_허망,,,
16,강아지를 산책시키는 여자,슬픔,그리움,슬픔_그리움,,,
16,강아지를 산책시키는 여자,슬픔,수치심,슬픔_수치심,,,
16,강아지를 산책시키는 여자,슬픔,고통,슬픔_고통,,,
16,강아지를 산책시키는 여자,슬픔,절망,슬픔_절망,,,
16,강아지를 산책시키는 여자,슬픔,무기력,슬픔_무기력,,,
16,강아지를 산책시키는 여자,슬픔,아픔,슬픔_아픔,,,
16,강아지를 산책시키는 여자,두려움,위축감,두려움_위축감,,,
16,강아지를 산책시키는 여자,두려움,놀람,두려움_놀람,,,
16,강아지를 산책시키는 여자,두려움,공포,두려움_공포,,,
16,강아지를 산책시키는 여자,두려움,걱정,두려움_걱정,,,
16,강아지를 산책시키는 여자,두려움,초조함,두려움_초조함,,,
16,강아지를 산책시키는 여자,분노,원망,분노_원망,,,
16,강아지를 산책시키는 여자,분노,불쾌,분노_불쾌,,,
16,강아지를 산책시키는 여자,분노,날카로움,분노_날카로움,,,
16,강아지를 산책시키는 여자,분노,타오름,분노_타오름,,,
16,강아지를 산책시키는 여자,미움(상대방),반감,미움(상대방)_반감,,,
16,강아지를 산책시키는 여자,미움(상대방),경멸,미움(상대방)_경멸,,,
16,강아지를 산책시키는 여자,미움(상대방),비위상함,미움(상대방)_비위상함,,,
16,강아지를 산책시키는 여자,미움(상대방),치사함,미움(상대방)_치사함,,,
16,강아지를 산책시키는 여자,미움(상대방),불신감,미움(상대방)_불신감,,,
16,강아지를 산책시키는 여자,미움(상대방),시기심,미움(상대방)_시기심,,,
16,강아지를 산책시키는 여자,미움(상대방),외면,미움(상대방)_외면,,,
16,강아지를 산책시키는 여자,미움(상대방),냉담,미움(상대방)_냉담,,,
16,강아지를 산책시키는 여자,욕망,욕심,욕망_욕심,,,
16,강아지를 산책시키는 여자,욕망,궁금함,욕망_궁금함,,,
16,강아지를 산책시키는 여자,욕망,아쉬움,욕망_아쉬움,,,
16,강아지를 산책시키는 여자,욕망,불만,욕망_불만,,,
16,강아지를 산책시키는 여자,욕망,갈등,욕망_갈등,,,
16,강아지를 산책시키는 여자,욕망,기대감,욕망_기대감,,,
16,강아지를 산책시키는 여자,싫어함(상태),답답함,싫어함(상태)_답답함,,,
16,강아지를 산책시키는 여자,싫어함(상태),불편함,싫어함(상태)_불편함,,,
16,강아지를 산책시키는 여자,싫어함(상태),난처함,싫어함(상태)_난처함,,,
16,강아지를 산책시키는 여자,싫어함(상태),서먹함,싫어함(상태)_서먹함,,,
16,강아지를 산책시키는 여자,싫어함(상태),심심함,싫어함(상태)_심심함,,,
16,강아지를 산책시키는 여자,싫어함(상태),싫증,싫어함(상태)_싫증,,,
16,강아지를 산책시키는 여자,수치심,부끄러움,수치심_부끄러움,,,
16,강아지를 산책시키는 여자,수치심,죄책감,수치심_죄책감,,,
16,강아지를 산책시키는 여자,수치심,미안함,수치심_미안함,,,
17,편의점에서 물건을 고르는 남자,기쁨,반가움,기쁨_반가움,,,
17,편의점에서 물건을 고르는 남자,기쁨,즐거움,기쁨_즐거움,,,
17,편의점에서 물건을 고르는 남자,기쁨,신명남,기쁨_신명남,,,
17,편의점에서 물건을 고르는 남자,기쁨,자신감,기쁨_자신감,,,
17,편의점에서 물건을 고르는 남자,기쁨,감동,기쁨_감동,,,
17,편의점에서 물건을 고르는 남자,기쁨,만족감,기쁨_만족감,,,
17,편의점에서 물건을 고르는 남자,기쁨,편안함,기쁨_편안함,,,
17,편의점에서 물건을 고르는 남자,기쁨,고마움,기쁨_고마움,,,
17,편의점에서 물건을 고르는 남자,기쁨,신뢰감,기쁨_신뢰감,,,
17,편의점에서 물건을 고르는 남자,기쁨,안정감,기쁨_안정감,,,
17,편의점에서 물건을 고르는 남자,기쁨,공감,기쁨_공감,,,
17,편의점에서 물건을 고르는 남자,기쁨,자랑스러움,기쁨_자랑스러움,,,
17,편의점에서 물건을 고르는 남자,사랑,호감,사랑_호감,,,
17,편의점에서 물건을 고르는 남자,사랑,귀중함,사랑_귀중함,,,
17,편의점에서 물건을 고르는 남자,사랑,매력적,사랑_매력적,,,
17,편의점에서 물건을 고르는 남자,사랑,두근거림,사랑_두근거림,,,
17,편의점에서 물건을 고르는 남자,사랑,아른거림,사랑_아른거림,,,
17,편의점에서 물건을 고르는 남자,사랑,너그러움,사랑_너그러움,,,
17,편의점에서 물건을 고르는 남자,사랑,열정적임,사랑_열정적임,,,
17,편의점에서 물건을 고르는 남자,사랑,다정함,사랑_다정함,,,
17,편의점에서 물건을 고르는 남자,사랑,동정(슬픔),사랑_동정(슬픔),,,
17,편의점에서 물건을 고르는 남자,슬픔,억울함,슬픔_억울함,,,
17,편의점에서 물건을 고르는 남자,슬픔,외로움,슬픔_외로움,,,
17,편의점에서 물건을 고르는 남자,슬픔,후회,슬픔_후회,,,
17,편의점에서 물건을 고르는 남자,슬픔,실망,슬픔_실망,,,
17,편의점에서 물건을 고르는 남자,슬픔,허망,슬픔_허망,,,
17,편의점에서 물건을 고르는 남자,슬픔,그리움,슬픔_그리움,,,
17,편의점에서 물건을 고르는 남자,슬픔,수치심,슬픔_수치심,,,
17,편의점에서 물건을 고르는 남자,슬픔,고통,슬픔_고통,,,
17,편의점에서 물건을 고르는 남자,슬픔,절망,슬픔_절망,,,
17,편의점에서 물건을 고르는 남자,슬픔,무기력,슬픔_무기력,,,
17,편의점에서 물건을 고르는 남자,슬픔,아픔,슬픔_아픔,,,
17,편의점에서 물건을 고르는 남자,두려움,위축감,두려움_위축감,,,
17,편의점에서 물건을 고르는 남자,두려움,놀람,두려움_놀람,,,
17,편의점에서 물건을 고르는 남자,두려움,공포,두려움_공포,,,
17,편의점에서 물건을 고르는 남자,두려움,걱정,두려움_걱정,,,
17,편의점에서 물건을 고르는 남자,두려움,초조함,두려움_초조함,,,
17,편의점에서 물건을 고르는 남자,분노,원망,분노_원망,,,
17,편의점에서 물건을 고르는 남자,분노,불쾌,분노_불쾌,,,
17,편의점에서 물건을 고르는 남자,분노,날카로움,분노_날카로움,,,
17,편의점에서 물건을 고르는 남자,분노,타오름,분노_타오름,,,
17,편의점에서 물건을 고르는 남자,미움(상대방),반감,미움(상대방)_반감,,,
17,편의점에서 물건을 고르는 남자,미움(상대방),경멸,미움(상대방)_경멸,,,
17,편의점에서 물건을 고르는 남자,미움(상대방),비위상함,미움(상대방)_비위상함,,,
17,편의점에서 물건을 고르는 남자,미움(상대방),치사함,미움(상대방)_치사함,,,
17,편의점에서 물건을 고르는 남자,미움(상대방),불신감,미움(상대방)_불신감,,,
17,편의점에서 물건을 고르는 남자,미움(상대방),시기심,미움(상대방)_시기심,,,
17,편의점에서 물건을 고르는 남자,미움(상대방),외면,미움(상대방)_외면,,,
17,편의점에서 물건을 고르는 남자,미움(상대방),냉담,미움(상대방)_냉담,,,
17,편의점에서 물건을 고르는 남자,욕망,욕심,욕망_욕심,,,
17,편의점에서 물건을 고르는 남자,욕망,궁금함,욕망_궁금함,,,
17,편의점에서 물건을 고르는 남자,욕망,아쉬움,욕망_아쉬움,,,
17,편의점에서 물건을 고르는 남자,욕망,불만,욕망_불만,,,
17,편의점에서 물건을 고르는 남자,욕망,갈등,욕망_갈등,,,
17,편의점에서 물건을 고르는 남자,욕망,기대감,욕망_기대감,,,
17,편의점에서 물건을 고르는 남자,싫어함(상태),답답함,싫어함(상태)_답답함,,,
17,편의점에서 물건을 고르는 남자,싫어함(상태),불편함,싫어함(상태)_불편함,,,
17,편의점에서 물건을 고르는 남자,싫어함(상태),난처함,싫어함(상태)_난처함,,,
17,편의점에서 물건을 고르는 남자,싫어함(상태),서먹함,싫어함(상태)_서먹함,,,
17,편의점에서 물건을 고르는 남자,싫어함(상태),심심함,싫어함(상태)_심심함,,,
17,편의점에서 물건을 고르는 남자,싫어함(상태),싫증,싫어함(상태)_싫증,,,
17,편의점에서 물건을 고르는 남자,수치심,부끄러움,수치심_부끄러움,,,
17,편의점에서 물건을 고르는 남자,수치심,죄책감,수치심_죄책감,,,
17,편의점에서 물건을 고르는 남자,수치심,미안함,수치심_미안함,,,
18,길거리에서 버스킹을 보는 여자,기쁨,반가움,기쁨_반가움,,,
18,길거리에서 버스킹을 보는 여자,기쁨,즐거움,기쁨_즐거움,,,
18,길거리에서 버스킹을 보는 여자,기쁨,신명남,기쁨_신명남,,,
18,길거리에서 버스킹을 보는 여자,기쁨,자신감,기쁨_자신감,,,
18,길거리에서 버스킹을 보는 여자,기쁨,감동,기쁨_감동,,,
18,길거리에서 버스킹을 보는 여자,기쁨,만족감,기쁨_만족감,,,
18,길거리에서 버스킹을 보는 여자,기쁨,편안함,기쁨_편안함,,,
18,길거리에서 버스킹을 보는 여자,기쁨,고마움,기쁨_고마움,,,
18,길거리에서 버스킹을 보는 여자,기쁨,신뢰감,기쁨_신뢰감,,,
18,길거리에서 버스킹을 보는 여자,기쁨,안정감,기쁨_안정감,,,
18,길거리에서 버스킹을 보는 여자,기쁨,공감,기쁨_공감,,,
18,길거리에서 버스킹을 보는 여자,기쁨,자랑스러움,기쁨_자랑스러움,,,
18,길거리에서 버스킹을 보는 여자,사랑,호감,사랑_호감,,,
18,길거리에서 버스킹을 보는 여자,사랑,귀중함,사랑_귀중함,,,
18,길거리에서 버스킹을 보는 여자,사랑,매력적,사랑_매력적,,,
18,길거리에서 버스킹을 보는 여자,사랑,두근거림,사랑_두근거림,,,
18,길거리에서 버스킹을 보는 여자,사랑,아른거림,사랑_아른거림,,,
18,길거리에서 버스킹을 보는 여자,사랑,너그러움,사랑_너그러움,,,
18,길거리에서 버스킹을 보는 여자,사랑,열정적임,사랑_열정적임,,,
18,길거리에서 버스킹을 보는 여자,사랑,다정함,사랑_다정함,,,
18,길거리에서 버스킹을 보는 여자,사랑,동정(슬픔),사랑_동정(슬픔),,,
18,길거리에서 버스킹을 보는 여자,슬픔,억울함,슬픔_억울함,,,
18,길거리에서 버스킹을 보는 여자,슬픔,외로움,슬픔_외로움,,,
18,길거리에서 버스킹을 보는 여자,슬픔,후회,슬픔_후회,,,
18,길거리에서 버스킹을 보는 여자,슬픔,실망,슬픔_실망,,,
18,길거리에서 버스킹을 보는 여자,슬픔,허망,슬픔_허망,,,
18,길거리에서 버스킹을 보는 여자,슬픔,그리움,슬픔_그리움,,,
18,길거리에서 버스킹을 보는 여자,슬픔,수치심,슬픔_수치심,,,
18,길거리에서 버스킹을 보는 여자,슬픔,고통,슬픔_고통,,,
18,길거리에서 버스킹을 보는 여자,슬픔,절망,슬픔_절망,,,
18,길거리에서 버스킹을 보는 여자,슬픔,무기력,슬픔_무기력,,,
18,길거리에서 버스킹을 보는 여자,슬픔,아픔,슬픔_아픔,,,
18,길거리에서 버스킹을 보는 여자,두려움,위축감,두려움_위축감,,,
18,길거리에서 버스킹을 보는 여자,두려움,놀람,두려움_놀람,,,
18,길거리에서 버스킹을 보는 여자,두려움,공포,두려움_공포,,,
18,길거리에서 버스킹을 보는 여자,두려움,걱정,두려움_걱정,,,
18,길거리에서 버스킹을 보는 여자,두려움,초조함,두려움_초조함,,,
18,길거리에서 버스킹을 보는 여자,분노,원망,분노_원망,,,
18,길거리에서 버스킹을 보는 여자,분노,불쾌,분노_불쾌,,,
18,길거리에서 버스킹을 보는 여자,분노,날카로움,분노_날카로움,,,
18,길거리에서 버스킹을 보는 여자,분노,타오름,분노_타오름,,,
18,길거리에서 버스킹을 보는 여자,미움(상대방),반감,미움(상대방)_반감,,,
18,길거리에서 버스킹을 보는 여자,미움(상대방),경멸,미움(상대방)_경멸,,,
18,길거리에서 버스킹을 보는 여자,미움(상대방),비위상함,미움(상대방)_비위상함,,,
18,길거리에서 버스킹을 보는 여자,미움(상대방),치사함,미움(상대방)_치사함,,,
18,길거리에서 버스킹을 보는 여자,미움(상대방),불신감,미움(상대방)_불신감,,,
18,길거리에서 버스킹을 보는 여자,미움(상대방),시기심,미움(상대방)_시기심,,,
18,길거리에서 버스킹을 보는 여자,미움(상대방),외면,미움(상대방)_외면,,,
18,길거리에서 버스킹을 보는 여자,미움(상대방),냉담,미움(상대방)_냉담,,,
18,길거리에서 버스킹을 보는 여자,욕망,욕심,욕망_욕심,,,
18,길거리에서 버스킹을 보는 여자,욕망,궁금함,욕망_궁금함,,,
18,길거리에서 버스킹을 보는 여자,욕망,아쉬움,욕망_아쉬움,,,
18,길거리에서 버스킹을 보는 여자,욕망,불만,욕망_불만,,,
18,길거리에서 버스킹을 보는 여자,욕망,갈등,욕망_갈등,,,
18,길거리에서 버스킹을 보는 여자,욕망,기대감,욕망_기대감,,,
18,길거리에서 버스킹을 보는 여자,싫어함(상태),답답함,싫어함(상태)_답답함,,,
18,길거리에서 버스킹을 보는 여자,싫어함(상태),불편함,싫어함(상태)_불편함,,,
18,길거리에서 버스킹을 보는 여자,싫어함(상태),난처함,싫어함(상태)_난처함,,,
18,길거리에서 버스킹을 보는 여자,싫어함(상태),서먹함,싫어함(상태)_서먹함,,,
18,길거리에서 버스킹을 보는 여자,싫어함(상태),심심함,싫어함(상태)_심심함,,,
18,길거리에서 버스킹을 보는 여자,싫어함(상태),싫증,싫어함(상태)_싫증,,,
18,길거리에서 버스킹을 보는 여자,수치심,부끄러움,수치심_부끄러움,,,
18,길거리에서 버스킹을 보는 여자,수치심,죄책감,수치심_죄책감,,,
18,길거리에서 버스킹을 보는 여자,수치심,미안함,수치심_미안함,,,
19,공항에서 비행기를 기다리는 남자,기쁨,반가움,기쁨_반가움,,,
19,공항에서 비행기를 기다리는 남자,기쁨,즐거움,기쁨_즐거움,,,
19,공항에서 비행기를 기다리는 남자,기쁨,신명남,기쁨_신명남,,,
19,공항에서 비행기를 기다리는 남자,기쁨,자신감,기쁨_자신감,,,
19,공항에서 비행기를 기다리는 남자,기쁨,감동,기쁨_감동,,,
19,공항에서 비행기를 기다리는 남자,기쁨,만족감,기쁨_만족감,,,
19,공항에서 비행기를 기다리는 남자,기쁨,편안함,기쁨_편안함,,,
19,공항에서 비행기를 기다리는 남자,기쁨,고마움,기쁨_고마움,,,
19,공항에서 비행기를 기다리는 남자,기쁨,신뢰감,기쁨_신뢰감,,,
19,공항에서 비행기를 기다리는 남자,기쁨,안정감,기쁨_안정감,,,
19,공항에서 비행기를 기다리는 남자,기쁨,공감,기쁨_공감,,,
19,공항에서 비행기를 기다리는 남자,기쁨,자랑스러움,기쁨_자랑스러움,,,
19,공항에서 비행기를 기다리는 남자,사랑,호감,사랑_호감,,,
19,공항에서 비행기를 기다리는 남자,사랑,귀중함,사랑_귀중함,,,
19,공항에서 비행기를 기다리는 남자,사랑,매력적,사랑_매력적,,,
19,공항에서 비행기를 기다리는 남자,사랑,두근거림,사랑_두근거림,,,
19,공항에서 비행기를 기다리는 남자,사랑,아른거림,사랑_아른거림,,,
19,공항에서 비행기를 기다리는 남자,사랑,너그러움,사랑_너그러움,,,
19,공항에서 비행기를 기다리는 남자,사랑,열정적임,사랑_열정적임,,,
19,공항에서 비행기를 기다리는 남자,사랑,다정함,사랑_다정함,,,
19,공항에서 비행기를 기다리는 남자,사랑,동정(슬픔),사랑_동정(슬픔),,,
19,공항에서 비행기를 기다리는 남자,슬픔,억울함,슬픔_억울함,,,
19,공항에서 비행기를 기다리는 남자,슬픔,외로움,슬픔_외로움,,,
19,공항에서 비행기를 기다리는 남자,슬픔,후회,슬픔_후회,,,
19,공항에서 비행기를 기다리는 남자,슬픔,실망,슬픔_실망,,,
19,공항에서 비행기를 기다리는 남자,슬픔,허망,슬픔_허망,,,
19,공항에서 비행기를 기다리는 남자,슬픔,그리움,슬픔_그리움,,,
19,공항에서 비행기를 기다리는 남자,슬픔,수치심,슬픔_수치심,,,
19,공항에서 비행기를 기다리는 남자,슬픔,고통,슬픔_고통,,,
19,공항에서 비행기를 기다리는 남자,슬픔,절망,슬픔_절망,,,
19,공항에서 비행기를 기다리는 남자,슬픔,무기력,슬픔_무기력,,,
19,공항에서 비행기를 기다리는 남자,슬픔,아픔,슬픔_아픔,,,
19,공항에서 비행기를 기다리는 남자,두려움,위축감,두려움_위축감,,,
19,공항에서 비행기를 기다리는 남자,두려움,놀람,두려움_놀람,,,
19,공항에서 비행기를 기다리는 남자,두려움,공포,두려움_공포,,,
19,공항에서 비행기를 기다리는 남자,두려움,걱정,두려움_걱정,,,
19,공항에서 비행기를 기다리는 남자,두려움,초조함,두려움_초조함,,,
19,공항에서 비행기를 기다리는 남자,분노,원망,분노_원망,,,
19,공항에서 비행기를 기다리는 남자,분노,불쾌,분노_불쾌,,,
19,공항에서 비행기를 기다리는 남자,분노,날카로움,분노_날카로움,,,
19,공항에서 비행기를 기다리는 남자,분노,타오름,분노_타오름,,,
19,공항에서 비행기를 기다리는 남자,미움(상대방),반감,미움(상대방)_반감,,,
19,공항에서 비행기를 기다리는 남자,미움(상대방),경멸,미움(상대방)_경멸,,,
19,공항에서 비행기를 기다리는 남자,미움(상대방),비위상함,미움(상대방)_비위상함,,,
19,공항에서 비행기를 기다리는 남자,미움(상대방),치사함,미움(상대방)_치사함,,,
19,공항에서 비행기를 기다리는 남자,미움(상대방),불신감,미움(상대방)_불신감,,,
19,공항에서 비행기를 기다리는 남자,미움(상대방),시기심,미움(상대방)_시기심,,,
19,공항에서 비행기를 기다리는 남자,미움(상대방),외면,미움(상대방)_외면,,,
19,공항에서 비행기를 기다리는 남자,미움(상대방),냉담,미움(상대방)_냉담,,,
19,공항에서 비행기를 기다리는 남자,욕망,욕심,욕망_욕심,,,
19,공항에서 비행기를 기다리는 남자,욕망,궁금함,욕망_궁금함,,,
19,공항에서 비행기를 기다리는 남자,욕망,아쉬움,욕망_아쉬움,,,
19,공항에서 비행기를 기다리는 남자,욕망,불만,욕망_불만,,,
19,공항에서 비행기를 기다리는 남자,욕망,갈등,욕망_갈등,,,
19,공항에서 비행기를 기다리는 남자,욕망,기대감,욕망_기대감,,,
19,공항에서 비행기를 기다리는 남자,싫어함(상태),답답함,싫어함(상태)_답답함,,,
19,공항에서 비행기를 기다리는 남자,싫어함(상태),불편함,싫어함(상태)_불편함,,,
19,공항에서 비행기를 기다리는 남자,싫어함(상태),난처함,싫어함(상태)_난처함,,,
19,공항에서 비행기를 기다리는 남자,싫어함(상태),서먹함,싫어함(상태)_서먹함,,,
19,공항에서 비행기를 기다리는 남자,싫어함(상태),심심함,싫어함(상태)_심심함,,,
19,공항에서 비행기를 기다리는 남자,싫어함(상태),싫증,싫어함(상태)_싫증,,,
19,공항에서 비행기를 기다리는 남자,수치심,부끄러움,수치심_부끄러움,,,
19,공항에서 비행기를 기다리는 남자,수치심,죄책감,수치심_죄책감,,,
19,공항에서 비행기를 기다리는 남자,수치심,미안함,수치심_미안함,,,
20,백화점에서 쇼핑하는 여자,기쁨,반가움,기쁨_반가움,,,
20,백화점에서 쇼핑하는 여자,기쁨,즐거움,기쁨_즐거움,,,
20,백화점에서 쇼핑하는 여자,기쁨,신명남,기쁨_신명남,,,
20,백화점에서 쇼핑하는 여자,기쁨,자신감,기쁨_자신감,,,
20,백화점에서 쇼핑하는 여자,기쁨,감동,기쁨_감동,,,
20,백화점에서 쇼핑하는 여자,기쁨,만족감,기쁨_만족감,,,
20,백화점에서 쇼핑하는 여자,기쁨,편안함,기쁨_편안함,,,
20,백화점에서 쇼핑하는 여자,기쁨,고마움,기쁨_고마움,,,
20,백화점에서 쇼핑하는 여자,기쁨,신뢰감,기쁨_신뢰감,,,
20,백화점에서 쇼핑하는 여자,기쁨,안정감,기쁨_안정감,,,
20,백화점에서 쇼핑하는 여자,기쁨,공감,기쁨_공감,,,
20,백화점에서 쇼핑하는 여자,기쁨,자랑스러움,기쁨_자랑스러움,,,
20,백화점에서 쇼핑하는 여자,사랑,호감,사랑_호감,,,
20,백화점에서 쇼핑하는 여자,사랑,귀중함,사랑_귀중함,,,
20,백화점에서 쇼핑하는 여자,사랑,매력적,사랑_매력적,,,
20,백화점에서 쇼핑하는 여자,사랑,두근거림,사랑_두근거림,,,
20,백화점에서 쇼핑하는 여자,사랑,아른거림,사랑_아른거림,,,
20,백화점에서 쇼핑하는 여자,사랑,너그러움,사랑_너그러움,,,
20,백화점에서 쇼핑하는 여자,사랑,열정적임,사랑_열정적임,,,
20,백화점에서 쇼핑하는 여자,사랑,다정함,사랑_다정함,,,
20,백화점에서 쇼핑하는 여자,사랑,동정(슬픔),사랑_동정(슬픔),,,
20,백화점에서 쇼핑하는 여자,슬픔,억울함,슬픔_억울함,,,
20,백화점에서 쇼핑하는 여자,슬픔,외로움,슬픔_외로움,,,
20,백화점에서 쇼핑하는 여자,슬픔,후회,슬픔_후회,,,
20,백화점에서 쇼핑하는 여자,슬픔,실망,슬픔_실망,,,
20,백화점에서 쇼핑하는 여자,슬픔,허망,슬픔_허망,,,
20,백화점에서 쇼핑하는 여자,슬픔,그리움,슬픔_그리움,,,
20,백화점에서 쇼핑하는 여자,슬픔,수치심,슬픔_수치심,,,
20,백화점에서 쇼핑하는 여자,슬픔,고통,슬픔_고통,,,
20,백화점에서 쇼핑하는 여자,슬픔,절망,슬픔_절망,,,
20,백화점에서 쇼핑하는 여자,슬픔,무기력,슬픔_무기력,,,
20,백화점에서 쇼핑하는 여자,슬픔,아픔,슬픔_아픔,,,
20,백화점에서 쇼핑하는 여자,두려움,위축감,두려움_위축감,,,
20,백화점에서 쇼핑하는 여자,두려움,놀람,두려움_놀람,,,
20,백화점에서 쇼핑하는 여자,두려움,공포,두려움_공포,,,
20,백화점에서 쇼핑하는 여자,두려움,걱정,두려움_걱정,,,
20,백화점에서 쇼핑하는 여자,두려움,초조함,두려움_초조함,,,
20,백화점에서 쇼핑하는 여자,분노,원망,분노_원망,,,
20,백화점에서 쇼핑하는 여자,분노,불쾌,분노_불쾌,,,
20,백화점에서 쇼핑하는 여자,분노,날카로움,분노_날카로움,,,
20,백화점에서 쇼핑하는 여자,분노,타오름,분노_타오름,,,
20,백화점에서 쇼핑하는 여자,미움(상대방),반감,미움(상대방)_반감,,,
20,백화점에서 쇼핑하는 여자,미움(상대방),경멸,미움(상대방)_경멸,,,
20,백화점에서 쇼핑하는 여자,미움(상대방),비위상함,미움(상대방)_비위상함,,,
20,백화점에서 쇼핑하는 여자,미움(상대방),치사함,미움(상대방)_치사함,,,
20,백화점에서 쇼핑하는 여자,미움(상대방),불신감,미움(상대방)_불신감,,,
20,백화점에서 쇼핑하는 여자,미움(상대방),시기심,미움(상대방)_시기심,,,
20,백화점에서 쇼핑하는 여자,미움(상대방),외면,미움(상대방)_외면,,,
20,백화점에서 쇼핑하는 여자,미움(상대방),냉담,미움(상대방)_냉담,,,
20,백화점에서 쇼핑하는 여자,욕망,욕심,욕망_욕심,,,
20,백화점에서 쇼핑하는 여자,욕망,궁금함,욕망_궁금함,,,
20,백화점에서 쇼핑하는 여자,욕망,아쉬움,욕망_아쉬움,,,
20,백화점에서 쇼핑하는 여자,욕망,불만,욕망_불만,,,
20,백화점에서 쇼핑하는 여자,욕망,갈등,욕망_갈등,,,
20,백화점에서 쇼핑하는 여자,욕망,기대감,욕망_기대감,,,
20,백화점에서 쇼핑하는 여자,싫어함(상태),답답함,싫어함(상태)_답답함,,,
20,백화점에서 쇼핑하는 여자,싫어함(상태),불편함,싫어함(상태)_불편함,,,
20,백화점에서 쇼핑하는 여자,싫어함(상태),난처함,싫어함(상태)_난처함,,,
20,백화점에서 쇼핑하는 여자,싫어함(상태),서먹함,싫어함(상태)_서먹함,,,
20,백화점에서 쇼핑하는 여자,싫어함(상태),심심함,싫어함(상태)_심심함,,,
20,백화점에서 쇼핑하는 여자,싫어함(상태),싫증,싫어함(상태)_싫증,,,
20,백화점에서 쇼핑하는 여자,수치심,부끄러움,수치심_부끄러움,,,
20,백화점에서 쇼핑하는 여자,수치심,죄책감,수치심_죄책감,,,
20,백화점에서 쇼핑하는 여자,수치심,미안함,수치심_미안함,,,
21,학교에서 시험을 보는 남자,기쁨,반가움,기쁨_반가움,,,
21,학교에서 시험을 보는 남자,기쁨,즐거움,기쁨_즐거움,,,
21,학교에서 시험을 보는 남자,기쁨,신명남,기쁨_신명남,,,
21,학교에서 시험을 보는 남자,기쁨,자신감,기쁨_자신감,,,
21,학교에서 시험을 보는 남자,기쁨,감동,기쁨_감동,,,
21,학교에서 시험을 보는 남자,기쁨,만족감,기쁨_만족감,,,
21,학교에서 시험을 보는 남자,기쁨,편안함,기쁨_편안함,,,
21,학교에서 시험을 보는 남자,기쁨,고마움,기쁨_고마움,,,
21,학교에서 시험을 보는 남자,기쁨,신뢰감,기쁨_신뢰감,,,
21,학교에서 시험을 보는 남자,기쁨,안정감,기쁨_안정감,,,
21,학교에서 시험을 보는 남자,기쁨,공감,기쁨_공감,,,
21,학교에서 시험을 보는 남자,기쁨,자랑스러움,기쁨_자랑스러움,,,
21,학교에서 시험을 보는 남자,사랑,호감,사랑_호감,,,
21,학교에서 시험을 보는 남자,사랑,귀중함,사랑_귀중함,,,
21,학교에서 시험을 보는 남자,사랑,매력적,사랑_매력적,,,
21,학교에서 시험을 보는 남자,사랑,두근거림,사랑_두근거림,,,
21,학교에서 시험을 보는 남자,사랑,아른거림,사랑_아른거림,,,
21,학교에서 시험을 보는 남자,사랑,너그러움,사랑_너그러움,,,
21,학교에서 시험을 보는 남자,사랑,열정적임,사랑_열정적임,,,
21,학교에서 시험을 보는 남자,사랑,다정함,사랑_다정함,,,
21,학교에서 시험을 보는 남자,사랑,동정(슬픔),사랑_동정(슬픔),,,
21,학교에서 시험을 보는 남자,슬픔,억울함,슬픔_억울함,,,
21,학교에서 시험을 보는 남자,슬픔,외로움,슬픔_외로움,,,
21,학교에서 시험을 보는 남자,슬픔,후회,슬픔_후회,,,
21,학교에서 시험을 보는 남자,슬픔,실망,슬픔_실망,,,
21,학교에서 시험을 보는 남자,슬픔,허망,슬픔_허망,,,
21,학교에서 시험을 보는 남자,슬픔,그리움,슬픔_그리움,,,
21,학교에서 시험을 보는 남자,슬픔,수치심,슬픔_수치심,,,
21,학교에서 시험을 보는 남자,슬픔,고통,슬픔_고통,,,
21,학교에서 시험을 보는 남자,슬픔,절망,슬픔_절망,,,
21,학교에서 시험을 보는 남자,슬픔,무기력,슬픔_무기력,,,
21,학교에서 시험을 보는 남자,슬픔,아픔,슬픔_아픔,,,
21,학교에서 시험을 보는 남자,두려움,위축감,두려움_위축감,,,
21,학교에서 시험을 보는 남자,두려움,놀람,두려움_놀람,,,
21,학교에서 시험을 보는 남자,두려움,공포,두려움_공포,,,
21,학교에서 시험을 보는 남자,두려움,걱정,두려움_걱정,,,
21,학교에서 시험을 보는 남자,두려움,초조함,두려움_초조함,,,
21,학교에서 시험을 보는 남자,분노,원망,분노_원망,,,
21,학교에서 시험을 보는 남자,분노,불쾌,분노_불쾌,,,
21,학교에서 시험을 보는 남자,분노,날카로움,분노_날카로움,,,
21,학교에서 시험을 보는 남자,분노,타오름,분노_타오름,,,
21,학교에서 시험을 보는 남자,미움(상대방),반감,미움(상대방)_반감,,,
21,학교에서 시험을 보는 남자,미움(상대방),경멸,미움(상대방)_경멸,,,
21,학교에서 시험을 보는 남자,미움(상대방),비위상함,미움(상대방)_비위상함,,,
21,학교에서 시험을 보는 남자,미움(상대방),치사함,미움(상대방)_치사함,,,
21,학교에서 시험을 보는 남자,미움(상대방),불신감,미움(상대방)_불신감,,,
21,학교에서 시험을 보는 남자,미움(상대방),시기심,미움(상대방)_시기심,,,
21,학교에서 시험을 보는 남자,미움(상대방),외면,미움(상대방)_외면,,,
21,학교에서 시험을 보는 남자,미움(상대방),냉담,미움(상대방)_냉담,,,
21,학교에서 시험을 보는 남자,욕망,욕심,욕망_욕심,,,
21,학교에서 시험을 보는 남자,욕망,궁금함,욕망_궁금함,,,
21,학교에서 시험을 보는 남자,욕망,아쉬움,욕망_아쉬움,,,
21,학교에서 시험을 보는 남자,욕망,불만,욕망_불만,,,
21,학교에서 시험을 보는 남자,욕망,갈등,욕망_갈등,,,
21,학교에서 시험을 보는 남자,욕망,기대감,욕망_기대감,,,
21,학교에서 시험을 보는 남자,싫어함(상태),답답함,싫어함(상태)_답답함,,,
21,학교에서 시험을 보는 남자,싫어함(상태),불편함,싫어함(상태)_불편함,,,
21,학교에서 시험을 보는 남자,싫어함(상태),난처함,싫어함(상태)_난처함,,,
21,학교에서 시험을 보는 남자,싫어함(상태),서먹함,싫어함(상태)_서먹함,,,
21,학교에서 시험을 보는 남자,싫어함(상태),심심함,싫어함(상태)_심심함,,,
21,학교에서 시험을 보는 남자,싫어함(상태),싫증,싫어함(상태)_싫증,,,
21,학교에서 시험을 보는 남자,수치심,부끄러움,수치심_부끄러움,,,
21,학교에서 시험을 보는 남자,수치심,죄책감,수치심_죄책감,,,
21,학교에서 시험을 보는 남자,수치심,미안함,수치심_미안함,,,
22,놀이공원에서 놀이기구를 타는 여자,기쁨,반가움,기쁨_반가움,,,
22,놀이공원에서 놀이기구를 타는 여자,기쁨,즐거움,기쁨_즐거움,,,
22,놀이공원에서 놀이기구를 타는 여자,기쁨,신명남,기쁨_신명남,,,
22,놀이공원에서 놀이기구를 타는 여자,기쁨,자신감,기쁨_자신감,,,
22,놀이공원에서 놀이기구를 타는 여자,기쁨,감동,기쁨_감동,,,
22,놀이공원에서 놀이기구를 타는 여자,기쁨,만족감,기쁨_만족감,,,
22,놀이공원에서 놀이기구를 타는 여자,기쁨,편안함,기쁨_편안함,,,
22,놀이공원에서 놀이기구를 타는 여자,기쁨,고마움,기쁨_고마움,,,
22,놀이공원에서 놀이기구를 타는 여자,기쁨,신뢰감,기쁨_신뢰감,,,
22,놀이공원에서 놀이기구를 타는 여자,기쁨,안정감,기쁨_안정감,,,
22,놀이공원에서 놀이기구를 타는 여자,기쁨,공감,기쁨_공감,,,
22,놀이공원에서 놀이기구를 타는 여자,기쁨,자랑스러움,기쁨_자랑스러움,,,
22,놀이공원에서 놀이기구를 타는 여자,사랑,호감,사랑_호감,,,
22,놀이공원에서 놀이기구를 타는 여자,사랑,귀중함,사랑_귀중함,,,
22,놀이공원에서 놀이기구를 타는 여자,사랑,매력적,사랑_매력적,,,
22,놀이공원에서 놀이기구를 타는 여자,사랑,두근거림,사랑_두근거림,,,
22,놀이공원에서 놀이기구를 타는 여자,사랑,아른거림,사랑_아른거림,,,
22,놀이공원에서 놀이기구를 타는 여자,사랑,너그러움,사랑_너그러움,,,
22,놀이공원에서 놀이기구를 타는 여자,사랑,열정적임,사랑_열정적임,,,
22,놀이공원에서 놀이기구를 타는 여자,사랑,다정함,사랑_다정함,,,
22,놀이공원에서 놀이기구를 타는 여자,사랑,동정(슬픔),사랑_동정(슬픔),,,
22,놀이공원에서 놀이기구를 타는 여자,슬픔,억울함,슬픔_억울함,,,
22,놀이공원에서 놀이기구를 타는 여자,슬픔,외로움,슬픔_외로움,,,
22,놀이공원에서 놀이기구를 타는 여자,슬픔,후회,슬픔_후회,,,
22,놀이공원에서 놀이기구를 타는 여자,슬픔,실망,슬픔_실망,,,
22,놀이공원에서 놀이기구를 타는 여자,슬픔,허망,슬픔_허망,,,
22,놀이공원에서 놀이기구를 타는 여자,슬픔,그리움,슬픔_그리움,,,
22,놀이공원에서 놀이기구를 타는 여자,슬픔,수치심,슬픔_수치심,,,
22,놀이공원에서 놀이기구를 타는 여자,슬픔,고통,슬픔_고통,,,
22,놀이공원에서 놀이기구를 타는 여자,슬픔,절망,슬픔_절망,,,
22,놀이공원에서 놀이기구를 타는 여자,슬픔,무기력,슬픔_무기력,,,
22,놀이공원에서 놀이기구를 타는 여자,슬픔,아픔,슬픔_아픔,,,
22,놀이공원에서 놀이기구를 타는 여자,두려움,위축감,두려움_위축감,,,
22,놀이공원에서 놀이기구를 타는 여자,두려움,놀람,두려움_놀람,,,
22,놀이공원에서 놀이기구를 타는 여자,두려움,공포,두려움_공포,,,
22,놀이공원에서 놀이기구를 타는 여자,두려움,걱정,두려움_걱정,,,
22,놀이공원에서 놀이기구를 타는 여자,두려움,초조함,두려움_초조함,,,
22,놀이공원에서 놀이기구를 타는 여자,분노,원망,분노_원망,,,
22,놀이공원에서 놀이기구를 타는 여자,분노,불쾌,분노_불쾌,,,
22,놀이공원에서 놀이기구를 타는 여자,분노,날카로움,분노_날카로움,,,
22,놀이공원에서 놀이기구를 타는 여자,분노,타오름,분노_타오름,,,
22,놀이공원에서 놀이기구를 타는 여자,미움(상대방),반감,미움(상대방)_반감,,,
22,놀이공원에서 놀이기구를 타는 여자,미움(상대방),경멸,미움(상대방)_경멸,,,
22,놀이공원에서 놀이기구를 타는 여자,미움(상대방),비위상함,미움(상대방)_비위상함,,,
22,놀이공원에서 놀이기구를 타는 여자,미움(상대방),치사함,미움(상대방)_치사함,,,
22,놀이공원에서 놀이기구를 타는 여자,미움(상대방),불신감,미움(상대방)_불신감,,,
22,놀이공원에서 놀이기구를 타는 여자,미움(상대방),시기심,미움(상대방)_시기심,,,
22,놀이공원에서 놀이기구를 타는 여자,미움(상대방),외면,미움(상대방)_외면,,,
22,놀이공원에서 놀이기구를 타는 여자,미움(상대방),냉담,미움(상대방)_냉담,,,
22,놀이공원에서 놀이기구를 타는 여자,욕망,욕심,욕망_욕심,,,
22,놀이공원에서 놀이기구를 타는 여자,욕망,궁금함,욕망_궁금함,,,
22,놀이공원에서 놀이기구를 타는 여자,욕망,아쉬움,욕망_아쉬움,,,
22,놀이공원에서 놀이기구를 타는 여자,욕망,불만,욕망_불만,,,
22,놀이공원에서 놀이기구를 타는 여자,욕망,갈등,욕망_갈등,,,
22,놀이공원에서 놀이기구를 타는 여자,욕망,기대감,욕망_기대감,,,
22,놀이공원에서 놀이기구를 타는 여자,싫어함(상태),답답함,싫어함(상태)_답답함,,,
22,놀이공원에서 놀이기구를 타는 여자,싫어함(상태),불편함,싫어함(상태)_불편함,,,
22,놀이공원에서 놀이기구를 타는 여자,싫어함(상태),난처함,싫어함(상태)_난처함,,,
22,놀이공원에서 놀이기구를 타는 여자,싫어함(상태),서먹함,싫어함(상태)_서먹함,,,
22,놀이공원에서 놀이기구를 타는 여자,싫어함(상태),심심함,싫어함(상태)_심심함,,,
22,놀이공원에서 놀이기구를 타는 여자,싫어함(상태),싫증,싫어함(상태)_싫증,,,
22,놀이공원에서 놀이기구를 타는 여자,수치심,부끄러움,수치심_부끄러움,,,
22,놀이공원에서 놀이기구를 타는 여자,수치심,죄책감,수치심_죄책감,,,
22,놀이공원에서 놀이기구를 타는 여자,수치심,미안함,수치심_미안함,,,
23,병원에서 진료를 기다리는 남자,기쁨,반가움,기쁨_반가움,,,
23,병원에서 진료를 기다리는 남자,기쁨,즐거움,기쁨_즐거움,,,
23,병원에서 진료를 기다리는 남자,기쁨,신명남,기쁨_신명남,,,
23,병원에서 진료를 기다리는 남자,기쁨,자신감,기쁨_자신감,,,
23,병원에서 진료를 기다리는 남자,기쁨,감동,기쁨_감동,,,
23,병원에서 진료를 기다리는 남자,기쁨,만족감,기쁨_만족감,,,
23,병원에서 진료를 기다리는 남자,기쁨,편안함,기쁨_편안함,,,
23,병원에서 진료를 기다리는 남자,기쁨,고마움,기쁨_고마움,,,
23,병원에서 진료를 기다리는 남자,기쁨,신뢰감,기쁨_신뢰감,,,
23,병원에서 진료를 기다리는 남자,기쁨,안정감,기쁨_안정감,,,
23,병원에서 진료를 기다리는 남자,기쁨,공감,기쁨_공감,,,
23,병원에서 진료를 기다리는 남자,기쁨,자랑스러움,기쁨_자랑스러움,,,
23,병원에서 진료를 기다리는 남자,사랑,호감,사랑_호감,,,
23,병원에서 진료를 기다리는 남자,사랑,귀중함,사랑_귀중함,,,
23,병원에서 진료를 기다리는 남자,사랑,매력적,사랑_매력적,,,
23,병원에서 진료를 기다리는 남자,사랑,두근거림,사랑_두근거림,,,
23,병원에서 진료를 기다리는 남자,사랑,아른거림,사랑_아른거림,,,
23,병원에서 진료를 기다리는 남자,사랑,너그러움,사랑_너그러움,,,
23,병원에서 진료를 기다리는 남자,사랑,열정적임,사랑_열정적임,,,
23,병원에서 진료를 기다리는 남자,사랑,다정함,사랑_다정함,,,
23,병원에서 진료를 기다리는 남자,사랑,동정(슬픔),사랑_동정(슬픔),,,
23,병원에서 진료를 기다리는 남자,슬픔,억울함,슬픔_억울함,,,
23,병원에서 진료를 기다리는 남자,슬픔,외로움,슬픔_외로움,,,
23,병원에서 진료를 기다리는 남자,슬픔,후회,슬픔_후회,,,
23,병원에서 진료를 기다리는 남자,슬픔,실망,슬픔_실망,,,
23,병원에서 진료를 기다리는 남자,슬픔,허망,슬픔_허망,,,
23,병원에서 진료를 기다리는 남자,슬픔,그리움,슬픔_그리움,,,
23,병원에서 진료를 기다리는 남자,슬픔,수치심,슬픔_수치심,,,
23,병원에서 진료를 기다리는 남자,슬픔,고통,슬픔_고통,,,
23,병원에서 진료를 기다리는 남자,슬픔,절망,슬픔_절망,,,
23,병원에서 진료를 기다리는 남자,슬픔,무기력,슬픔_무기력,,,
23,병원에서 진료를 기다리는 남자,슬픔,아픔,슬픔_아픔,,,
23,병원에서 진료를 기다리는 남자,두려움,위축감,두려움_위축감,,,
23,병원에서 진료를 기다리는 남자,두려움,놀람,두려움_놀람,,,
23,병원에서 진료를 기다리는 남자,두려움,공포,두려움_공포,,,
23,병원에서 진료를 기다리는 남자,두려움,걱정,두려움_걱정,,,
23,병원에서 진료를 기다리는 남자,두려움,초조함,두려움_초조함,,,
23,병원에서 진료를 기다리는 남자,분노,원망,분노_원망,,,
23,병원에서 진료를 기다리는 남자,분노,불쾌,분노_불쾌,,,
23,병원에서 진료를 기다리는 남자,분노,날카로움,분노_날카로움,,,
23,병원에서 진료를 기다리는 남자,분노,타오름,분노_타오름,,,
23,병원에서 진료를 기다리는 남자,미움(상대방),반감,미움(상대방)_반감,,,
23,병원에서 진료를 기다리는 남자,미움(상대방),경멸,미움(상대방)_경멸,,,
23,병원에서 진료를 기다리는 남자,미움(상대방),비위상함,미움(상대방)_비위상함,,,
23,병원에서 진료를 기다리는 남자,미움(상대방),치사함,미움(상대방)_치사함,,,
23,병원에서 진료를 기다리는 남자,미움(상대방),불신감,미움(상대방)_불신감,,,
23,병원에서 진료를 기다리는 남자,미움(상대방),시기심,미움(상대방)_시기심,,,
23,병원에서 진료를 기다리는 남자,미움(상대방),외면,미움(상대방)_외면,,,
23,병원에서 진료를 기다리는 남자,미움(상대방),냉담,미움(상대방)_냉담,,,
23,병원에서 진료를 기다리는 남자,욕망,욕심,욕망_욕심,,,
23,병원에서 진료를 기다리는 남자,욕망,궁금함,욕망_궁금함,,,
23,병원에서 진료를 기다리는 남자,욕망,아쉬움,욕망_아쉬움,,,
23,병원에서 진료를 기다리는 남자,욕망,불만,욕망_불만,,,
23,병원에서 진료를 기다리는 남자,욕망,갈등,욕망_갈등,,,
23,병원에서 진료를 기다리는 남자,욕망,기대감,욕망_기대감,,,
23,병원에서 진료를 기다리는 남자,싫어함(상태),답답함,싫어함(상태)_답답함,,,
23,병원에서 진료를 기다리는 남자,싫어함(상태),불편함,싫어함(상태)_불편함,,,
23,병원에서 진료를 기다리는 남자,싫어함(상태),난처함,싫어함(상태)_난처함,,,
23,병원에서 진료를 기다리는 남자,싫어함(상태),서먹함,싫어함(상태)_서먹함,,,
23,병원에서 진료를 기다리는 남자,싫어함(상태),심심함,싫어함(상태)_심심함,,,
23,병원에서 진료를 기다리는 남자,싫어함(상태),싫증,싫어함(상태)_싫증,,,
23,병원에서 진료를 기다리는 남자,수치심,부끄러움,수치심_부끄러움,,,
23,병원에서 진료를 기다리는 남자,수치심,죄책감,수치심_죄책감,,,
23,병원에서 진료를 기다리는 남자,수치심,미안함,수치심_미안함,,,
24,음악회를 감상하는 여자,기쁨,반가움,기쁨_반가움,,,
24,음악회를 감상하는 여자,기쁨,즐거움,기쁨_즐거움,,,
24,음악회를 감상하는 여자,기쁨,신명남,기쁨_신명남,,,
24,음악회를 감상하는 여자,기쁨,자신감,기쁨_자신감,,,
24,음악회를 감상하는 여자,기쁨,감동,기쁨_감동,,,
24,음악회를 감상하는 여자,기쁨,만족감,기쁨_만족감,,,
24,음악회를 감상하는 여자,기쁨,편안함,기쁨_편안함,,,
24,음악회를 감상하는 여자,기쁨,고마움,기쁨_고마움,,,
24,음악회를 감상하는 여자,기쁨,신뢰감,기쁨_신뢰감,,,
24,음악회를 감상하는 여자,기쁨,안정감,기쁨_안정감,,,
24,음악회를 감상하는 여자,기쁨,공감,기쁨_공감,,,
24,음악회를 감상하는 여자,기쁨,자랑스러움,기쁨_자랑스러움,,,
24,음악회를 감상하는 여자,사랑,호감,사랑_호감,,,
24,음악회를 감상하는 여자,사랑,귀중함,사랑_귀중함,,,
24,음악회를 감상하는 여자,사랑,매력적,사랑_매력적,,,
24,음악회를 감상하는 여자,사랑,두근거림,사랑_두근거림,,,
24,음악회를 감상하는 여자,사랑,아른거림,사랑_아른거림,,,
24,음악회를 감상하는 여자,사랑,너그러움,사랑_너그러움,,,
24,음악회를 감상하는 여자,사랑,열정적임,사랑_열정적임,,,
24,음악회를 감상하는 여자,사랑,다정함,사랑_다정함,,,
24,음악회를 감상하는 여자,사랑,동정(슬픔),사랑_동정(슬픔),,,
24,음악회를 감상하는 여자,슬픔,억울함,슬픔_억울함,,,
24,음악회를 감상하는 여자,슬픔,외로움,슬픔_외로움,,,
24,음악회를 감상하는 여자,슬픔,후회,슬픔_후회,,,
24,음악회를 감상하는 여자,슬픔,실망,슬픔_실망,,,
24,음악회를 감상하는 여자,슬픔,허망,슬픔_허망,,,
24,음악회를 감상하는 여자,슬픔,그리움,슬픔_그리움,,,
24,음악회를 감상하는 여자,슬픔,수치심,슬픔_수치심,,,
24,음악회를 감상하는 여자,슬픔,고통,슬픔_고통,,,
24,음악회를 감상하는 여자,슬픔,절망,슬픔_절망,,,
24,음악회를 감상하는 여자,슬픔,무기력,슬픔_무기력,,,
24,음악회를 감상하는 여자,슬픔,아픔,슬픔_아픔,,,
24,음악회를 감상하는 여자,두려움,위축감,두려움_위축감,,,
24,음악회를 감상하는 여자,두려움,놀람,두려움_놀람,,,
24,음악회를 감상하는 여자,두려움,공포,두려움_공포,,,
24,음악회를 감상하는 여자,두려움,걱정,두려움_걱정,,,
24,음악회를 감상하는 여자,두려움,초조함,두려움_초조함,,,
24,음악회를 감상하는 여자,분노,원망,분노_원망,,,
24,음악회를 감상하는 여자,분노,불쾌,분노_불쾌,,,
24,음악회를 감상하는 여자,분노,날카로움,분노_날카로움,,,
24,음악회를 감상하는 여자,분노,타오름,분노_타오름,,,
24,음악회를 감상하는 여자,미움(상대방),반감,미움(상대방)_반감,,,
24,음악회를 감상하는 여자,미움(상대방),경멸,미움(상대방)_경멸,,,
24,음악회를 감상하는 여자,미움(상대방),비위상함,미움(상대방)_비위상함,,,
24,음악회를 감상하는 여자,미움(상대방),치사함,미움(상대방)_치사함,,,
24,음악회를 감상하는 여자,미움(상대방),불신감,미움(상대방)_불신감,,,
24,음악회를 감상하는 여자,미움(상대방),시기심,미움(상대방)_시기심,,,
24,음악회를 감상하는 여자,미움(상대방),외면,미움(상대방)_외면,,,
24,음악회를 감상하는 여자,미움(상대방),냉담,미움(상대방)_냉담,,,
24,음악회를 감상하는 여자,욕망,욕심,욕망_욕심,,,
24,음악회를 감상하는 여자,욕망,궁금함,욕망_궁금함,,,
24,음악회를 감상하는 여자,욕망,아쉬움,욕망_아쉬움,,,
24,음악회를 감상하는 여자,욕망,불만,욕망_불만,,,
24,음악회를 감상하는 여자,욕망,갈등,욕망_갈등,,,
24,음악회를 감상하는 여자,욕망,기대감,욕망_기대감,,,
24,음악회를 감상하는 여자,싫어함(상태),답답함,싫어함(상태)_답답함,,,
24,음악회를 감상하는 여자,싫어함(상태),불편함,싫어함(상태)_불편함,,,
24,음악회를 감상하는 여자,싫어함(상태),난처함,싫어함(상태)_난처함,,,
24,음악회를 감상하는 여자,싫어함(상태),서먹함,싫어함(상태)_서먹함,,,
24,음악회를 감상하는 여자,싫어함(상태),심심함,싫어함(상태)_심심함,,,
24,음악회를 감상하는 여자,싫어함(상태),싫증,싫어함(상태)_싫증,,,
24,음악회를 감상하는 여자,수치심,부끄러움,수치심_부끄러움,,,
24,음악회를 감상하는 여자,수치심,죄책감,수치심_죄책감,,,
24,음악회를 감상하는 여자,수치심,미안함,수치심_미안함,,,
25,등산을 하는 남자,기쁨,반가움,기쁨_반가움,,,
25,등산을 하는 남자,기쁨,즐거움,기쁨_즐거움,,,
25,등산을 하는 남자,기쁨,신명남,기쁨_신명남,,,
25,등산을 하는 남자,기쁨,자신감,기쁨_자신감,,,
25,등산을 하는 남자,기쁨,감동,기쁨_감동,,,
25,등산을 하는 남자,기쁨,만족감,기쁨_만족감,,,
25,등산을 하는 남자,기쁨,편안함,기쁨_편안함,,,
25,등산을 하는 남자,기쁨,고마움,기쁨_고마움,,,
25,등산을 하는 남자,기쁨,신뢰감,기쁨_신뢰감,,,
25,등산을 하는 남자,기쁨,안정감,기쁨_안정감,,,
25,등산을 하는 남자,기쁨,공감,기쁨_공감,,,
25,등산을 하는 남자,기쁨,자랑스러움,기쁨_자랑스러움,,,
25,등산을 하는 남자,사랑,호감,사랑_호감,,,
25,등산을 하는 남자,사랑,귀중함,사랑_귀중함,,,
25,등산을 하는 남자,사랑,매력적,사랑_매력적,,,
25,등산을 하는 남자,사랑,두근거림,사랑_두근거림,,,
25,등산을 하는 남자,사랑,아른거림,사랑_아른거림,,,
25,등산을 하는 남자,사랑,너그러움,사랑_너그러움,,,
25,등산을 하는 남자,사랑,열정적임,사랑_열정적임,,,
25,등산을 하는 남자,사랑,다정함,사랑_다정함,,,
25,등산을 하는 남자,사랑,동정(슬픔),사랑_동정(슬픔),,,
25,등산을 하는 남자,슬픔,억울함,슬픔_억울함,,,
25,등산을 하는 남자,슬픔,외로움,슬픔_외로움,,,
25,등산을 하는 남자,슬픔,후회,슬픔_후회,,,
25,등산을 하는 남자,슬픔,실망,슬픔_실망,,,
25,등산을 하는 남자,슬픔,허망,슬픔_허망,,,
25,등산을 하는 남자,슬픔,그리움,슬픔_그리움,,,
25,등산을 하는 남자,슬픔,수치심,슬픔_수치심,,,
25,등산을 하는 남자,슬픔,고통,슬픔_고통,,,
25,등산을 하는 남자,슬픔,절망,슬픔_절망,,,
25,등산을 하는 남자,슬픔,무기력,슬픔_무기력,,,
25,등산을 하는 남자,슬픔,아픔,슬픔_아픔,,,
25,등산을 하는 남자,두려움,위축감,두려움_위축감,,,
25,등산을 하는 남자,두려움,놀람,두려움_놀람,,,
25,등산을 하는 남자,두려움,공포,두려움_공포,,,
25,등산을 하는 남자,두려움,걱정,두려움_걱정,,,
25,등산을 하는 남자,두려움,초조함,두려움_초조함,,,
25,등산을 하는 남자,분노,원망,분노_원망,,,
25,등산을 하는 남자,분노,불쾌,분노_불쾌,,,
25,등산을 하는 남자,분노,날카로움,분노_날카로움,,,
25,등산을 하는 남자,분노,타오름,분노_타오름,,,
25,등산을 하는 남자,미움(상대방),반감,미움(상대방)_반감,,,
25,등산을 하는 남자,미움(상대방),경멸,미움(상대방)_경멸,,,
25,등산을 하는 남자,미움(상대방),비위상함,미움(상대방)_비위상함,,,
25,등산을 하는 남자,미움(상대방),치사함,미움(상대방)_치사함,,,
25,등산을 하는 남자,미움(상대방),불신감,미움(상대방)_불신감,,,
25,등산을 하는 남자,미움(상대방),시기심,미움(상대방)_시기심,,,
25,등산을 하는 남자,미움(상대방),외면,미움(상대방)_외면,,,
25,등산을 하는 남자,미움(상대방),냉담,미움(상대방)_냉담,,,
25,등산을 하는 남자,욕망,욕심,욕망_욕심,,,
25,등산을 하는 남자,욕망,궁금함,욕망_궁금함,,,
25,등산을 하는 남자,욕망,아쉬움,욕망_아쉬움,,,
25,등산을 하는 남자,욕망,불만,욕망_불만,,,
25,등산을 하는 남자,욕망,갈등,욕망_갈등,,,
25,등산을 하는 남자,욕망,기대감,욕망_기대감,,,
25,등산을 하는 남자,싫어함(상태),답답함,싫어함(상태)_답답함,,,
25,등산을 하는 남자,싫어함(상태),불편함,싫어함(상태)_불편함,,,
25,등산을 하는 남자,싫어함(상태),난처함,싫어함(상태)_난처함,,,
25,등산을 하는 남자,싫어함(상태),서먹함,싫어함(상태)_서먹함,,,
25,등산을 하는 남자,싫어함(상태),심심함,싫어함(상태)_심심함,,,
25,등산을 하는 남자,싫어함(상태),싫증,싫어함(상태)_싫증,,,
25,등산을 하는 남자,수치심,부끄러움,수치심_부끄러움,,,
25,등산을 하는 남자,수치심,죄책감,수치심_죄책감,,,
25,등산을 하는 남자,수치심,미안함,수치심_미안함,,,
26,요가 학원에서 수업 듣는 여자,기쁨,반가움,기쁨_반가움,,,
26,요가 학원에서 수업 듣는 여자,기쁨,즐거움,기쁨_즐거움,,,
26,요가 학원에서 수업 듣는 여자,기쁨,신명남,기쁨_신명남,,,
26,요가 학원에서 수업 듣는 여자,기쁨,자신감,기쁨_자신감,,,
26,요가 학원에서 수업 듣는 여자,기쁨,감동,기쁨_감동,,,
26,요가 학원에서 수업 듣는 여자,기쁨,만족감,기쁨_만족감,,,
26,요가 학원에서 수업 듣는 여자,기쁨,편안함,기쁨_편안함,,,
26,요가 학원에서 수업 듣는 여자,기쁨,고마움,기쁨_고마움,,,
26,요가 학원에서 수업 듣는 여자,기쁨,신뢰감,기쁨_신뢰감,,,
26,요가 학원에서 수업 듣는 여자,기쁨,안정감,기쁨_안정감,,,
26,요가 학원에서 수업 듣는 여자,기쁨,공감,기쁨_공감,,,
26,요가 학원에서 수업 듣는 여자,기쁨,자랑스러움,기쁨_자랑스러움,,,
26,요가 학원에서 수업 듣는 여자,사랑,호감,사랑_호감,,,
26,요가 학원에서 수업 듣는 여자,사랑,귀중함,사랑_귀중함,,,
26,요가 학원에서 수업 듣는 여자,사랑,매력적,사랑_매력적,,,
26,요가 학원에서 수업 듣는 여자,사랑,두근거림,사랑_두근거림,,,
26,요가 학원에서 수업 듣는 여자,사랑,아른거림,사랑_아른거림,,,
26,요가 학원에서 수업 듣는 여자,사랑,너그러움,사랑_너그러움,,,
26,요가 학원에서 수업 듣는 여자,사랑,열정적임,사랑_열정적임,,,
26,요가 학원에서 수업 듣는 여자,사랑,다정함,사랑_다정함,,,
26,요가 학원에서 수업 듣는 여자,사랑,동정(슬픔),사랑_동정(슬픔),,,
26,요가 학원에서 수업 듣는 여자,슬픔,억울함,슬픔_억울함,,,
26,요가 학원에서 수업 듣는 여자,슬픔,외로움,슬픔_외로움,,,
26,요가 학원에서 수업 듣는 여자,슬픔,후회,슬픔_후회,,,
26,요가 학원에서 수업 듣는 여자,슬픔,실망,슬픔_실망,,,
26,요가 학원에서 수업 듣는 여자,슬픔,허망,슬픔_허망,,,
26,요가 학원에서 수업 듣는 여자,슬픔,그리움,슬픔_그리움,,,
26,요가 학원에서 수업 듣는 여자,슬픔,수치심,슬픔_수치심,,,
26,요가 학원에서 수업 듣는 여자,슬픔,고통,슬픔_고통,,,
26,요가 학원에서 수업 듣는 여자,슬픔,절망,슬픔_절망,,,
26,요가 학원에서 수업 듣는 여자,슬픔,무기력,슬픔_무기력,,,
26,요가 학원에서 수업 듣는 여자,슬픔,아픔,슬픔_아픔,,,
26,요가 학원에서 수업 듣는 여자,두려움,위축감,두려움_위축감,,,
26,요가 학원에서 수업 듣는 여자,두려움,놀람,두려움_놀람,,,
26,요가 학원에서 수업 듣는 여자,두려움,공포,두려움_공포,,,
26,요가 학원에서 수업 듣는 여자,두려움,걱정,두려움_걱정,,,
26,요가 학원에서 수업 듣는 여자,두려움,초조함,두려움_초조함,,,
26,요가 학원에서 수업 듣는 여자,분노,원망,분노_원망,,,
26,요가 학원에서 수업 듣는 여자,분노,불쾌,분노_불쾌,,,
26,요가 학원에서 수업 듣는 여자,분노,날카로움,분노_날카로움,,,
26,요가 학원에서 수업 듣는 여자,분노,타오름,분노_타오름,,,
26,요가 학원에서 수업 듣는 여자,미움(상대방),반감,미움(상대방)_반감,,,
26,요가 학원에서 수업 듣는 여자,미움(상대방),경멸,미움(상대방)_경멸,,,
26,요가 학원에서 수업 듣는 여자,미움(상대방),비위상함,미움(상대방)_비위상함,,,
26,요가 학원에서 수업 듣는 여자,미움(상대방),치사함,미움(상대방)_치사함,,,
26,요가 학원에서 수업 듣는 여자,미움(상대방),불신감,미움(상대방)_불신감,,,
26,요가 학원에서 수업 듣는 여자,미움(상대방),시기심,미움(상대방)_시기심,,,
26,요가 학원에서 수업 듣는 여자,미움(상대방),외면,미움(상대방)_외면,,,
26,요가 학원에서 수업 듣는 여자,미움(상대방),냉담,미움(상대방)_냉담,,,
26,요가 학원에서 수업 듣는 여자,욕망,욕심,욕망_욕심,,,
26,요가 학원에서 수업 듣는 여자,욕망,궁금함,욕망_궁금함,,,
26,요가 학원에서 수업 듣는 여자,욕망,아쉬움,욕망_아쉬움,,,
26,요가 학원에서 수업 듣는 여자,욕망,불만,욕망_불만,,,
26,요가 학원에서 수업 듣는 여자,욕망,갈등,욕망_갈등,,,
26,요가 학원에서 수업 듣는 여자,욕망,기대감,욕망_기대감,,,
26,요가 학원에서 수업 듣는 여자,싫어함(상태),답답함,싫어함(상태)_답답함,,,
26,요가 학원에서 수업 듣는 여자,싫어함(상태),불편함,싫어함(상태)_불편함,,,
26,요가 학원에서 수업 듣는 여자,싫어함(상태),난처함,싫어함(상태)_난처함,,,
26,요가 학원에서 수업 듣는 여자,싫어함(상태),서먹함,싫어함(상태)_서먹함,,,
26,요가 학원에서 수업 듣는 여자,싫어함(상태),심심함,싫어함(상태)_심심함,,,
26,요가 학원에서 수업 듣는 여자,싫어함(상태),싫증,싫어함(상태)_싫증,,,
26,요가 학원에서 수업 듣는 여자,수치심,부끄러움,수치심_부끄러움,,,
26,요가 학원에서 수업 듣는 여자,수치심,죄책감,수치심_죄책감,,,
26,요가 학원에서 수업 듣는 여자,수치심,미안함,수치심_미안함,,,
27,콘서트에 간 남자,기쁨,반가움,기쁨_반가움,,,
27,콘서트에 간 남자,기쁨,즐거움,기쁨_즐거움,,,
27,콘서트에 간 남자,기쁨,신명남,기쁨_신명남,,,
27,콘서트에 간 남자,기쁨,자신감,기쁨_자신감,,,
27,콘서트에 간 남자,기쁨,감동,기쁨_감동,,,
27,콘서트에 간 남자,기쁨,만족감,기쁨_만족감,,,
27,콘서트에 간 남자,기쁨,편안함,기쁨_편안함,,,
27,콘서트에 간 남자,기쁨,고마움,기쁨_고마움,,,
27,콘서트에 간 남자,기쁨,신뢰감,기쁨_신뢰감,,,
27,콘서트에 간 남자,기쁨,안정감,기쁨_안정감,,,
27,콘서트에 간 남자,기쁨,공감,기쁨_공감,,,
27,콘서트에 간 남자,기쁨,자랑스러움,기쁨_자랑스러움,,,
27,콘서트에 간 남자,사랑,호감,사랑_호감,,,
27,콘서트에 간 남자,사랑,귀중함,사랑_귀중함,,,
27,콘서트에 간 남자,사랑,매력적,사랑_매력적,,,
27,콘서트에 간 남자,사랑,두근거림,사랑_두근거림,,,
27,콘서트에 간 남자,사랑,아른거림,사랑_아른거림,,,
27,콘서트에 간 남자,사랑,너그러움,사랑_너그러움,,,
27,콘서트에 간 남자,사랑,열정적임,사랑_열정적임,,,
27,콘서트에 간 남자,사랑,다정함,사랑_다정함,,,
27,콘서트에 간 남자,사랑,동정(슬픔),사랑_동정(슬픔),,,
27,콘서트에 간 남자,슬픔,억울함,슬픔_억울함,,,
27,콘서트에 간 남자,슬픔,외로움,슬픔_외로움,,,
27,콘서트에 간 남자,슬픔,후회,슬픔_후회,,,
27,콘서트에 간 남자,슬픔,실망,슬픔_실망,,,
27,콘서트에 간 남자,슬픔,허망,슬픔_허망,,,
27,콘서트에 간 남자,슬픔,그리움,슬픔_그리움,,,
27,콘서트에 간 남자,슬픔,수치심,슬픔_수치심,,,
27,콘서트에 간 남자,슬픔,고통,슬픔_고통,,,
27,콘서트에 간 남자,슬픔,절망,슬픔_절망,,,
27,콘서트에 간 남자,슬픔,무기력,슬픔_무기력,,,
27,콘서트에 간 남자,슬픔,아픔,슬픔_아픔,,,
27,콘서트에 간 남자,두려움,위축감,두려움_위축감,,,
27,콘서트에 간 남자,두려움,놀람,두려움_놀람,,,
27,콘서트에 간 남자,두려움,공포,두려움_공포,,,
27,콘서트에 간 남자,두려움,걱정,두려움_걱정,,,
27,콘서트에 간 남자,두려움,초조함,두려움_초조함,,,
27,콘서트에 간 남자,분노,원망,분노_원망,,,
27,콘서트에 간 남자,분노,불쾌,분노_불쾌,,,
27,콘서트에 간 남자,분노,날카로움,분노_날카로움,,,
27,콘서트에 간 남자,분노,타오름,분노_타오름,,,
27,콘서트에 간 남자,미움(상대방),반감,미움(상대방)_반감,,,
27,콘서트에 간 남자,미움(상대방),경멸,미움(상대방)_경멸,,,
27,콘서트에 간 남자,미움(상대방),비위상함,미움(상대방)_비위상함,,,
27,콘서트에 간 남자,미움(상대방),치사함,미움(상대방)_치사함,,,
27,콘서트에 간 남자,미움(상대방),불신감,미움(상대방)_불신감,,,
27,콘서트에 간 남자,미움(상대방),시기심,미움(상대방)_시기심,,,
27,콘서트에 간 남자,미움(상대방),외면,미움(상대방)_외면,,,
27,콘서트에 간 남자,미움(상대방),냉담,미움(상대방)_냉담,,,
27,콘서트에 간 남자,욕망,욕심,욕망_욕심,,,
27,콘서트에 간 남자,욕망,궁금함,욕망_궁금함,,,
27,콘서트에 간 남자,욕망,아쉬움,욕망_아쉬움,,,
27,콘서트에 간 남자,욕망,불만,욕망_불만,,,
27,콘서트에 간 남자,욕망,갈등,욕망_갈등,,,
27,콘서트에 간 남자,욕망,기대감,욕망_기대감,,,
27,콘서트에 간 남자,싫어함(상태),답답함,싫어함(상태)_답답함,,,
27,콘서트에 간 남자,싫어함(상태),불편함,싫어함(상태)_불편함,,,
27,콘서트에 간 남자,싫어함(상태),난처함,싫어함(상태)_난처함,,,
27,콘서트에 간 남자,싫어함(상태),서먹함,싫어함(상태)_서먹함,,,
27,콘서트에 간 남자,싫어함(상태),심심함,싫어함(상태)_심심함,,,
27,콘서트에 간 남자,싫어함(상태),싫증,싫어함(상태)_싫증,,,
27,콘서트에 간 남자,수치심,부끄러움,수치심_부끄러움,,,
27,콘서트에 간 남자,수치심,죄책감,수치심_죄책감,,,
27,콘서트에 간 남자,수치심,미안함,수치심_미안함,,,
28,미용실에서 머리하는 여자,기쁨,반가움,기쁨_반가움,,,
28,미용실에서 머리하는 여자,기쁨,즐거움,기쁨_즐거움,,,
28,미용실에서 머리하는 여자,기쁨,신명남,기쁨_신명남,,,
28,미용실에서 머리하는 여자,기쁨,자신감,기쁨_자신감,,,
28,미용실에서 머리하는 여자,기쁨,감동,기쁨_감동,,,
28,미용실에서 머리하는 여자,기쁨,만족감,기쁨_만족감,,,
28,미용실에서 머리하는 여자,기쁨,편안함,기쁨_편안함,,,
28,미용실에서 머리하는 여자,기쁨,고마움,기쁨_고마움,,,
28,미용실에서 머리하는 여자,기쁨,신뢰감,기쁨_신뢰감,,,
28,미용실에서 머리하는 여자,기쁨,안정감,기쁨_안정감,,,
28,미용실에서 머리하는 여자,기쁨,공감,기쁨_공감,,,
28,미용실에서 머리하는 여자,기쁨,자랑스러움,기쁨_자랑스러움,,,
28,미용실에서 머리하는 여자,사랑,호감,사랑_호감,,,
28,미용실에서 머리하는 여자,사랑,귀중함,사랑_귀중함,,,
28,미용실에서 머리하는 여자,사랑,매력적,사랑_매력적,,,
28,미용실에서 머리하는 여자,사랑,두근거림,사랑_두근거림,,,
28,미용실에서 머리하는 여자,사랑,아른거림,사랑_아른거림,,,
28,미용실에서 머리하는 여자,사랑,너그러움,사랑_너그러움,,,
28,미용실에서 머리하는 여자,사랑,열정적임,사랑_열정적임,,,
28,미용실에서 머리하는 여자,사랑,다정함,사랑_다정함,,,
28,미용실에서 머리하는 여자,사랑,동정(슬픔),사랑_동정(슬픔),,,
28,미용실에서 머리하는 여자,슬픔,억울함,슬픔_억울함,,,
28,미용실에서 머리하는 여자,슬픔,외로움,슬픔_외로움,,,
28,미용실에서 머리하는 여자,슬픔,후회,슬픔_후회,,,
28,미용실에서 머리하는 여자,슬픔,실망,슬픔_실망,,,
28,미용실에서 머리하는 여자,슬픔,허망,슬픔_허망,,,
28,미용실에서 머리하는 여자,슬픔,그리움,슬픔_그리움,,,
28,미용실에서 머리하는 여자,슬픔,수치심,슬픔_수치심,,,
28,미용실에서 머리하는 여자,슬픔,고통,슬픔_고통,,,
28,미용실에서 머리하는 여자,슬픔,절망,슬픔_절망,,,
28,미용실에서 머리하는 여자,슬픔,무기력,슬픔_무기력,,,
28,미용실에서 머리하는 여자,슬픔,아픔,슬픔_아픔,,,
28,미용실에서 머리하는 여자,두려움,위축감,두려움_위축감,,,
28,미용실에서 머리하는 여자,두려움,놀람,두려움_놀람,,,
28,미용실에서 머리하는 여자,두려움,공포,두려움_공포,,,
28,미용실에서 머리하는 여자,두려움,걱정,두려움_걱정,,,
28,미용실에서 머리하는 여자,두려움,초조함,두려움_초조함,,,
28,미용실에서 머리하는 여자,분노,원망,분노_원망,,,
28,미용실에서 머리하는 여자,분노,불쾌,분노_불쾌,,,
28,미용실에서 머리하는 여자,분노,날카로움,분노_날카로움,,,
28,미용실에서 머리하는 여자,분노,타오름,분노_타오름,,,
28,미용실에서 머리하는 여자,미움(상대방),반감,미움(상대방)_반감,,,
28,미용실에서 머리하는 여자,미움(상대방),경멸,미움(상대방)_경멸,,,
28,미용실에서 머리하는 여자,미움(상대방),비위상함,미움(상대방)_비위상함,,,
28,미용실에서 머리하는 여자,미움(상대방),치사함,미움(상대방)_치사함,,,
28,미용실에서 머리하는 여자,미움(상대방),불신감,미움(상대방)_불신감,,,
28,미용실에서 머리하는 여자,미움(상대방),시기심,미움(상대방)_시기심,,,
28,미용실에서 머리하는 여자,미움(상대방),외면,미움(상대방)_외면,,,
28,미용실에서 머리하는 여자,미움(상대방),냉담,미움(상대방)_냉담,,,
28,미용실에서 머리하는 여자,욕망,욕심,욕망_욕심,,,
28,미용실에서 머리하는 여자,욕망,궁금함,욕망_궁금함,,,
28,미용실에서 머리하는 여자,욕망,아쉬움,욕망_아쉬움,,,
28,미용실에서 머리하는 여자,욕망,불만,욕망_불만,,,
28,미용실에서 머리하는 여자,욕망,갈등,욕망_갈등,,,
28,미용실에서 머리하는 여자,욕망,기대감,욕망_기대감,,,
28,미용실에서 머리하는 여자,싫어함(상태),답답함,싫어함(상태)_답답함,,,
28,미용실에서 머리하는 여자,싫어함(상태),불편함,싫어함(상태)_불편함,,,
28,미용실에서 머리하는 여자,싫어함(상태),난처함,싫어함(상태)_난처함,,,
28,미용실에서 머리하는 여자,싫어함(상태),서먹함,싫어함(상태)_서먹함,,,
28,미용실에서 머리하는 여자,싫어함(상태),심심함,싫어함(상태)_심심함,,,
28,미용실에서 머리하는 여자,싫어함(상태),싫증,싫어함(상태)_싫증,,,
28,미용실에서 머리하는 여자,수치심,부끄러움,수치심_부끄러움,,,
28,미용실에서 머리하는 여자,수치심,죄책감,수치심_죄책감,,,
28,미용실에서 머리하는 여자,수치심,미안함,수치심_미안함,,,
29,경기장에서 축구를 보는 남자,기쁨,반가움,기쁨_반가움,,,
29,경기장에서 축구를 보는 남자,기쁨,즐거움,기쁨_즐거움,,,
29,경기장에서 축구를 보는 남자,기쁨,신명남,기쁨_신명남,,,
29,경기장에서 축구를 보는 남자,기쁨,자신감,기쁨_자신감,,,
29,경기장에서 축구를 보는 남자,기쁨,감동,기쁨_감동,,,
29,경기장에서 축구를 보는 남자,기쁨,만족감,기쁨_만족감,,,
29,경기장에서 축구를 보는 남자,기쁨,편안함,기쁨_편안함,,,
29,경기장에서 축구를 보는 남자,기쁨,고마움,기쁨_고마움,,,
29,경기장에서 축구를 보는 남자,기쁨,신뢰감,기쁨_신뢰감,,,
29,경기장에서 축구를 보는 남자,기쁨,안정감,기쁨_안정감,,,
29,경기장에서 축구를 보는 남자,기쁨,공감,기쁨_공감,,,
29,경기장에서 축구를 보는 남자,기쁨,자랑스러움,기쁨_자랑스러움,,,
29,경기장에서 축구를 보는 남자,사랑,호감,사랑_호감,,,
29,경기장에서 축구를 보는 남자,사랑,귀중함,사랑_귀중함,,,
29,경기장에서 축구를 보는 남자,사랑,매력적,사랑_매력적,,,
29,경기장에서 축구를 보는 남자,사랑,두근거림,사랑_두근거림,,,
29,경기장에서 축구를 보는 남자,사랑,아른거림,사랑_아른거림,,,
29,경기장에서 축구를 보는 남자,사랑,너그러움,사랑_너그러움,,,
29,경기장에서 축구를 보는 남자,사랑,열정적임,사랑_열정적임,,,
29,경기장에서 축구를 보는 남자,사랑,다정함,사랑_다정함,,,
29,경기장에서 축구를 보는 남자,사랑,동정(슬픔),사랑_동정(슬픔),,,
29,경기장에서 축구를 보는 남자,슬픔,억울함,슬픔_억울함,,,
29,경기장에서 축구를 보는 남자,슬픔,외로움,슬픔_외로움,,,
29,경기장에서 축구를 보는 남자,슬픔,후회,슬픔_후회,,,
29,경기장에서 축구를 보는 남자,슬픔,실망,슬픔_실망,,,
29,경기장에서 축구를 보는 남자,슬픔,허망,슬픔_허망,,,
29,경기장에서 축구를 보는 남자,슬픔,그리움,슬픔_그리움,,,
29,경기장에서 축구를 보는 남자,슬픔,수치심,슬픔_수치심,,,
29,경기장에서 축구를 보는 남자,슬픔,고통,슬픔_고통,,,
29,경기장에서 축구를 보는 남자,슬픔,절망,슬픔_절망,,,
29,경기장에서 축구를 보는 남자,슬픔,무기력,슬픔_무기력,,,
29,경기장에서 축구를 보는 남자,슬픔,아픔,슬픔_아픔,,,
29,경기장에서 축구를 보는 남자,두려움,위축감,두려움_위축감,,,
29,경기장에서 축구를 보는 남자,두려움,놀람,두려움_놀람,,,
29,경기장에서 축구를 보는 남자,두려움,공포,두려움_공포,,,
29,경기장에서 축구를 보는 남자,두려움,걱정,두려움_걱정,,,
29,경기장에서 축구를 보는 남자,두려움,초조함,두려움_초조함,,,
29,경기장에서 축구를 보는 남자,분노,원망,분노_원망,,,
29,경기장에서 축구를 보는 남자,분노,불쾌,분노_불쾌,,,
29,경기장에서 축구를 보는 남자,분노,날카로움,분노_날카로움,,,
29,경기장에서 축구를 보는 남자,분노,타오름,분노_타오름,,,
29,경기장에서 축구를 보는 남자,미움(상대방),반감,미움(상대방)_반감,,,
29,경기장에서 축구를 보는 남자,미움(상대방),경멸,미움(상대방)_경멸,,,
29,경기장에서 축구를 보는 남자,미움(상대방),비위상함,미움(상대방)_비위상함,,,
29,경기장에서 축구를 보는 남자,미움(상대방),치사함,미움(상대방)_치사함,,,
29,경기장에서 축구를 보는 남자,미움(상대방),불신감,미움(상대방)_불신감,,,
29,경기장에서 축구를 보는 남자,미움(상대방),시기심,미움(상대방)_시기심,,,
29,경기장에서 축구를 보는 남자,미움(상대방),외면,미움(상대방)_외면,,,
29,경기장에서 축구를 보는 남자,미움(상대방),냉담,미움(상대방)_냉담,,,
29,경기장에서 축구를 보는 남자,욕망,욕심,욕망_욕심,,,
29,경기장에서 축구를 보는 남자,욕망,궁금함,욕망_궁금함,,,
29,경기장에서 축구를 보는 남자,욕망,아쉬움,욕망_아쉬움,,,
29,경기장에서 축구를 보는 남자,욕망,불만,욕망_불만,,,
29,경기장에서 축구를 보는 남자,욕망,갈등,욕망_갈등,,,
29,경기장에서 축구를 보는 남자,욕망,기대감,욕망_기대감,,,
29,경기장에서 축구를 보는 남자,싫어함(상태),답답함,싫어함(상태)_답답함,,,
29,경기장에서 축구를 보는 남자,싫어함(상태),불편함,싫어함(상태)_불편함,,,
29,경기장에서 축구를 보는 남자,싫어함(상태),난처함,싫어함(상태)_난처함,,,
29,경기장에서 축구를 보는 남자,싫어함(상태),서먹함,싫어함(상태)_서먹함,,,
29,경기장에서 축구를 보는 남자,싫어함(상태),심심함,싫어함(상태)_심심함,,,
29,경기장에서 축구를 보는 남자,싫어함(상태),싫증,싫어함(상태)_싫증,,,
29,경기장에서 축구를 보는 남자,수치심,부끄러움,수치심_부끄러움,,,
29,경기장에서 축구를 보는 남자,수치심,죄책감,수치심_죄책감,,,
29,경기장에서 축구를 보는 남자,수치심,미안함,수치심_미안함,,,
30,바닷가에서 조개를 줍는 여자,기쁨,반가움,기쁨_반가움,,,
30,바닷가에서 조개를 줍는 여자,기쁨,즐거움,기쁨_즐거움,,,
30,바닷가에서 조개를 줍는 여자,기쁨,신명남,기쁨_신명남,,,
30,바닷가에서 조개를 줍는 여자,기쁨,자신감,기쁨_자신감,,,
30,바닷가에서 조개를 줍는 여자,기쁨,감동,기쁨_감동,,,
30,바닷가에서 조개를 줍는 여자,기쁨,만족감,기쁨_만족감,,,
30,바닷가에서 조개를 줍는 여자,기쁨,편안함,기쁨_편안함,,,
30,바닷가에서 조개를 줍는 여자,기쁨,고마움,기쁨_고마움,,,
30,바닷가에서 조개를 줍는 여자,기쁨,신뢰감,기쁨_신뢰감,,,
30,바닷가에서 조개를 줍는 여자,기쁨,안정감,기쁨_안정감,,,
30,바닷가에서 조개를 줍는 여자,기쁨,공감,기쁨_공감,,,
30,바닷가에서 조개를 줍는 여자,기쁨,자랑스러움,기쁨_자랑스러움,,,
30,바닷가에서 조개를 줍는 여자,사랑,호감,사랑_호감,,,
30,바닷가에서 조개를 줍는 여자,사랑,귀중함,사랑_귀중함,,,
30,바닷가에서 조개를 줍는 여자,사랑,매력적,사랑_매력적,,,
30,바닷가에서 조개를 줍는 여자,사랑,두근거림,사랑_두근거림,,,
30,바닷가에서 조개를 줍는 여자,사랑,아른거림,사랑_아른거림,,,
30,바닷가에서 조개를 줍는 여자,사랑,너그러움,사랑_너그러움,,,
30,바닷가에서 조개를 줍는 여자,사랑,열정적임,사랑_열정적임,,,
30,바닷가에서 조개를 줍는 여자,사랑,다정함,사랑_다정함,,,
30,바닷가에서 조개를 줍는 여자,사랑,동정(슬픔),사랑_동정(슬픔),,,
30,바닷가에서 조개를 줍는 여자,슬픔,억울함,슬픔_억울함,,,
30,바닷가에서 조개를 줍는 여자,슬픔,외로움,슬픔_외로움,,,
30,바닷가에서 조개를 줍는 여자,슬픔,후회,슬픔_후회,,,
30,바닷가에서 조개를 줍는 여자,슬픔,실망,슬픔_실망,,,
30,바닷가에서 조개를 줍는 여자,슬픔,허망,슬픔_허망,,,
30,바닷가에서 조개를 줍는 여자,슬픔,그리움,슬픔_그리움,,,
30,바닷가에서 조개를 줍는 여자,슬픔,수치심,슬픔_수치심,,,
30,바닷가에서 조개를 줍는 여자,슬픔,고통,슬픔_고통,,,
30,바닷가에서 조개를 줍는 여자,슬픔,절망,슬픔_절망,,,
30,바닷가에서 조개를 줍는 여자,슬픔,무기력,슬픔_무기력,,,
30,바닷가에서 조개를 줍는 여자,슬픔,아픔,슬픔_아픔,,,
30,바닷가에서 조개를 줍는 여자,두려움,위축감,두려움_위축감,,,
30,바닷가에서 조개를 줍는 여자,두려움,놀람,두려움_놀람,,,
30,바닷가에서 조개를 줍는 여자,두려움,공포,두려움_공포,,,
30,바닷가에서 조개를 줍는 여자,두려움,걱정,두려움_걱정,,,
30,바닷가에서 조개를 줍는 여자,두려움,초조함,두려움_초조함,,,
30,바닷가에서 조개를 줍는 여자,분노,원망,분노_원망,,,
30,바닷가에서 조개를 줍는 여자,분노,불쾌,분노_불쾌,,,
30,바닷가에서 조개를 줍는 여자,분노,날카로움,분노_날카로움,,,
30,바닷가에서 조개를 줍는 여자,분노,타오름,분노_타오름,,,
30,바닷가에서 조개를 줍는 여자,미움(상대방),반감,미움(상대방)_반감,,,
30,바닷가에서 조개를 줍는 여자,미움(상대방),경멸,미움(상대방)_경멸,,,
30,바닷가에서 조개를 줍는 여자,미움(상대방),비위상함,미움(상대방)_비위상함,,,
30,바닷가에서 조개를 줍는 여자,미움(상대방),치사함,미움(상대방)_치사함,,,
30,바닷가에서 조개를 줍는 여자,미움(상대방),불신감,미움(상대방)_불신감,,,
30,바닷가에서 조개를 줍는 여자,미움(상대방),시기심,미움(상대방)_시기심,,,
30,바닷가에서 조개를 줍는 여자,미움(상대방),외면,미움(상대방)_외면,,,
30,바닷가에서 조개를 줍는 여자,미움(상대방),냉담,미움(상대방)_냉담,,,
30,바닷가에서 조개를 줍는 여자,욕망,욕심,욕망_욕심,,,
30,바닷가에서 조개를 줍는 여자,욕망,궁금함,욕망_궁금함,,,
30,바닷가에서 조개를 줍는 여자,욕망,아쉬움,욕망_아쉬움,,,
30,바닷가에서 조개를 줍는 여자,욕망,불만,욕망_불만,,,
30,바닷가에서 조개를 줍는 여자,욕망,갈등,욕망_갈등,,,
30,바닷가에서 조개를 줍는 여자,욕망,기대감,욕망_기대감,,,
30,바닷가에서 조개를 줍는 여자,싫어함(상태),답답함,싫어함(상태)_답답함,,,
30,바닷가에서 조개를 줍는 여자,싫어함(상태),불편함,싫어함(상태)_불편함,,,
30,바닷가에서 조개를 줍는 여자,싫어함(상태),난처함,싫어함(상태)_난처함,,,
30,바닷가에서 조개를 줍는 여자,싫어함(상태),서먹함,싫어함(상태)_서먹함,,,
30,바닷가에서 조개를 줍는 여자,싫어함(상태),심심함,싫어함(상태)_심심함,,,
30,바닷가에서 조개를 줍는 여자,싫어함(상태),싫증,싫어함(상태)_싫증,,,
30,바닷가에서 조개를 줍는 여자,수치심,부끄러움,수치심_부끄러움,,,
30,바닷가에서 조개를 줍는 여자,수치심,죄책감,수치심_죄책감,,,
30,바닷가에서 조개를 줍는 여자,수치심,미안함,수치심_미안함,,,
